occurrence_id,cycle,claim_id,original_proposed_status,original_statement,original_scope,classification,registered_exact_key,terminal_registry_status,terminal_overlay,evidence_grade,source_return,json_pointer,scope_note
C1-SYNTHESIS:00:C1-CF-T2-TARGETED-T22-RANK,1,C1-CF-T2-TARGETED-T22-RANK,proposed_retained_narrowed,"T22 at p=66 has S=-147807, and the directed 123-row probe has 94 eligible rows without a positive eligible local term or complete sum.",Exact T22 and stated finite probe only; three positive local probe rows are ineligible.,finite_evidence,,NO_EXACT_KEY,source_grade_preserved_no_new_award,bounded_computation_as_reported,cycles/cycle-1/C1-SYNTHESIS/RETURN.json,/claims/0,
C1-SYNTHESIS:01:C1-CF-T3-01,1,C1-CF-T3-01,proposed_retained,"For T_m with m>=1, all 3m+1 original tags are favorable at p=3m and S=-(9m/2)(3m^2+2m-3)<0.",One explicit family; target eligibility holds for m>=2 through the AF argument.,restricted_family_theorem,,NO_EXACT_KEY,source_grade_preserved_no_new_award,proved_informal_restricted_family,cycles/cycle-1/C1-SYNTHESIS/RETURN.json,/claims/1,
C1-SYNTHESIS:02:C1-CF-U2-ELIGIBLE-MIXED-TAGS,1,C1-CF-U2-ELIGIBLE-MIXED-TAGS,proposed_retained,"The specified 12-vertex eligible tree has one selected non-residual leaf and six selected residual leaves, with S=-203.","One finite graph at alpha=8, x=4, p=6.",finite_evidence,,NO_EXACT_KEY,source_grade_preserved_no_new_award,bounded_computation_as_reported,cycles/cycle-1/C1-SYNTHESIS/RETURN.json,/claims/2,
C1-SYNTHESIS:03:C1-CT-F1-001,1,C1-CT-F1-001,proposed_retained,"Every T_m with m>=2 is eligible at p=3m, all original leaves are favorable, and S<0.",Restricted one-parameter family only.,restricted_family_theorem,,NO_EXACT_KEY,source_grade_preserved_no_new_award,proved_informal_restricted_family,cycles/cycle-1/C1-SYNTHESIS/RETURN.json,/claims/3,
C1-SYNTHESIS:04:C1-CT-F2-FAMILY-SIGN,1,C1-CT-F2-FAMILY-SIGN,proposed_retained_narrowed,"Every T_m with m>=2 is eligible and has S=-(9m/2)(3m^2+2m-3)<0, using g_star=3-3m-binomial(3m,2).",Restricted family; the printed 3-6m arm term in AF RETURN is excluded as false.,restricted_family_theorem,,NO_EXACT_KEY,source_grade_preserved_no_new_award,proved_informal_restricted_family,cycles/cycle-1/C1-SYNTHESIS/RETURN.json,/claims/4,"Corrected star term 3-3m-C(3m,2); the printed 3-6m term is false."
C1-SYNTHESIS:05:C1-CT-F3-01,1,C1-CT-F3-01,proposed_retained,"For a pendant vertex, I(T-v)=I(H)+zI(R), Delta_p(T-v)=Delta_p(H)+Delta_(p-1)(R), and g=i_(p+1)(H)-i_(p-1)(H)-Delta_p(T-v).",Exact finite-graph identity at all integer ranks; no sign consequence.,unregistered_auxiliary_identity,,NO_EXACT_KEY,source_grade_preserved_no_new_award,proved_informal_identity,cycles/cycle-1/C1-SYNTHESIS/RETURN.json,/claims/5,
C1-SYNTHESIS:06:C1-CT-U2-T-FAMILY-FIRST-INTERIOR,1,C1-CT-U2-T-FAMILY-FIRST-INTERIOR,proposed_retained,The explicit T_m family has all tags favorable and S=-(9m/2)(3m^2+2m-3)<0 at p=3m.,Family only; eligibility separately established for m>=2.,restricted_family_theorem,,NO_EXACT_KEY,source_grade_preserved_no_new_award,proved_informal_restricted_family,cycles/cycle-1/C1-SYNTHESIS/RETURN.json,/claims/6,
C1-SYNTHESIS:07:C1-CU-F1-001,1,C1-CU-F1-001,proposed_retained,"For T_m with m>=1, alpha=3m+2, all original tags are favorable at p=3m, and S=-n(n^2+2n-9)/2<0 for n=3m.",Family formula; m=1 is ineligible and eligible target instances start at m=2.,restricted_family_theorem,,NO_EXACT_KEY,source_grade_preserved_no_new_award,proved_informal_restricted_family,cycles/cycle-1/C1-SYNTHESIS/RETURN.json,/claims/7,m=1 is ineligible; target-eligible family starts at m>=2.
C1-SYNTHESIS:08:C1-CU-T1-INDEPENDENT-FINITE-REPLAY,1,C1-CU-T1-INDEPENDENT-FINITE-REPLAY,proposed_retained,P60 has S=-331702 and T60 has S=-2947590 at their eligible alpha-minus-two ranks.,Exactly two finite tree instances.,finite_evidence,,NO_EXACT_KEY,source_grade_preserved_no_new_award,bounded_computation_as_reported,cycles/cycle-1/C1-SYNTHESIS/RETURN.json,/claims/8,
C1-SYNTHESIS:09:C1-CU-T3-01,1,C1-CU-T3-01,proposed_retained,"For the same T_m family, all 3m+1 original tags are favorable and S=-(9m/2)(3m^2+2m-3)<0.","Same restricted family, not a second all-tree theorem.",restricted_family_theorem,,NO_EXACT_KEY,source_grade_preserved_no_new_award,proved_informal_restricted_family,cycles/cycle-1/C1-SYNTHESIS/RETURN.json,/claims/9,
C1-SYNTHESIS:10:C1-F1-001,1,C1-F1-001,proposed_retained,"At T22 rank 34, a favorable marked leaf has positive term 212336130412243110, while the complete sum is -498754180547001418536.",Broader-rank pointwise obstruction; frozen target rank for T22 is 66.,finite_evidence,,NO_EXACT_KEY,source_grade_preserved_no_new_award,bounded_computation_as_reported,cycles/cycle-1/C1-SYNTHESIS/RETURN.json,/claims/10,"Positive local term occurs at T22 p=34, while target p=66; the complete p=34 sum is negative. No ordinary-to-governed-RTree identity assumed."
C1-SYNTHESIS:11:C1-F1-002,1,C1-F1-002,proposed_unresolved,The primary all-eligible-tree alpha-minus-two complete-sum inequality remains open; T22 and T60 are negative and 280392 labeled trees of orders 2..8 have no eligible members.,Unrestricted primary status plus stated finite census only.,historical_status_report,,NO_EXACT_KEY,source_grade_preserved_no_new_award,unresolved_at_C1_plus_bounded_computation,cycles/cycle-1/C1-SYNTHESIS/RETURN.json,/claims/11,"C1 unresolved verdict remains historical; C2 supplies informal candidate, formal gate remains."
C1-SYNTHESIS:12:C1-F2-NEGATIVE-BOUNDED-SEARCH,1,C1-F2-NEGATIVE-BOUNDED-SEARCH,proposed_retained_narrowed,The seeded 4560-tree sample has 3840 eligible rows and no positive complete sum; T_m for m=1..60 has 59 eligible negative rows; orders 2..7 have no eligible tree.,Exact stated sample and first 60 family rows only; K1 checked separately.,finite_evidence,,NO_EXACT_KEY,source_grade_preserved_no_new_award,bounded_computation_as_reported,cycles/cycle-1/C1-SYNTHESIS/RETURN.json,/claims/12,"The claim covers m=1..60, not later source rows; source n=1 row constructed K2, and K1 is separately ineligible."
C1-SYNTHESIS:13:C1-F2-RESIDUAL-SCOPE-GAP,1,C1-F2-RESIDUAL-SCOPE-GAP,proposed_retained_narrowed,"The pinned ten-vertex JSON graph is eligible at alpha=7, x=3, p=5, non-residual, with all six tags favorable and S=-72.","One corrected graph, not the different residual graph printed in F2 prose.",finite_evidence,,NO_EXACT_KEY,source_grade_preserved_no_new_award,bounded_computation_as_reported,cycles/cycle-1/C1-SYNTHESIS/RETURN.json,/claims/13,Use pinned non-residual JSON graph S=-72; different prose graph is residual.
C1-SYNTHESIS:14:C1-F3-01,1,C1-F3-01,proposed_retained,"T22, T60 and T100 are eligible and have respective complete sums -147807, -2947590 and -13588650.",Exactly three finite family instances.,finite_evidence,,NO_EXACT_KEY,source_grade_preserved_no_new_award,bounded_computation_as_reported,cycles/cycle-1/C1-SYNTHESIS/RETURN.json,/claims/14,
C1-SYNTHESIS:15:C1-F3-02,1,C1-F3-02,proposed_retained_narrowed,"The seed-9932401 sequence of 1500 Prüfer trees has 1466 eligible rows, maximum complete sum -210 and maximum selected term 0.","Exactly the specified deterministic pseudorandom sequence, not a probability or census statement.",finite_evidence,,NO_EXACT_KEY,source_grade_preserved_no_new_award,bounded_computation_as_reported,cycles/cycle-1/C1-SYNTHESIS/RETURN.json,/claims/15,
C1-SYNTHESIS:16:C1-F3-03,1,C1-F3-03,proposed_retained,The F3 ten-vertex graph is eligible and non-residual with all six tags favorable and S=-72.,One graph isomorphic to the corrected F2 certificate.,finite_evidence,,NO_EXACT_KEY,source_grade_preserved_no_new_award,bounded_computation_as_reported,cycles/cycle-1/C1-SYNTHESIS/RETURN.json,/claims/16,"Isomorphic to corrected F2 S=-72 graph, not an independent obstruction."
C1-SYNTHESIS:17:C1-T1-LEAF-BRANCH-IDENTITY,1,C1-T1-LEAF-BRANCH-IDENTITY,proposed_retained,The leaf-support partition gives I(T-v)=I(H)+zI(R) and its exact strict selector and tagged aggregate at all integer ranks.,"Universal finite ordinary-tree identity, no sign conclusion.",unregistered_auxiliary_identity,,NO_EXACT_KEY,source_grade_preserved_no_new_award,proved_informal_identity,cycles/cycle-1/C1-SYNTHESIS/RETURN.json,/claims/17,
C1-SYNTHESIS:18:C1-T2-ALG-IDENTITY,1,C1-T2-ALG-IDENTITY,proposed_retained,"For every original leaf, alpha(H)=alpha(T)-1 and g+Delta_p(T-v)=i_(p+1)(H)-i_(p-1)(H).",Exact all-integer-rank identity; no sign conclusion.,unregistered_auxiliary_identity,,NO_EXACT_KEY,source_grade_preserved_no_new_award,proved_informal_identity,cycles/cycle-1/C1-SYNTHESIS/RETURN.json,/claims/18,
C1-SYNTHESIS:19:C1-T2-ALPHA2-BUDGET,1,C1-T2-ALPHA2-BUDGET,proposed_retained_narrowed,"At p=alpha-2, the displayed coefficient budget is equivalent to g_v<=0 for a selected leaf and would imply S<=0 if it held for all selected leaves.",Conditional pointwise reduction only; budget truth is unresolved.,conditional_reduction,,NO_EXACT_KEY,source_grade_preserved_no_new_award,conditional_identity_only,cycles/cycle-1/C1-SYNTHESIS/RETURN.json,/claims/19,"C1 establishes equivalence, not sign. C2 signs eligible primary instances via high-tail proof."
C1-SYNTHESIS:20:C1-T2-BOUNDED-POINTWISE-CHECK,1,C1-T2-BOUNDED-POINTWISE-CHECK,proposed_retained_narrowed,"P501, T125 and four specified order-260 Prüfer fixtures are eligible with no positive selected term and negative complete sums.",Exactly six finite fixtures; four Prüfer rows use one continuous seed stream.,finite_evidence,,NO_EXACT_KEY,source_grade_preserved_no_new_award,bounded_computation_as_reported,cycles/cycle-1/C1-SYNTHESIS/RETURN.json,/claims/20,
C1-SYNTHESIS:21:C1-T3-01,1,C1-T3-01,proposed_retained,The exact leaf-deletion selector permits all-or-none selection and multiplicity-weighted regrouping at each original support.,Universal ordinary-tree identity at all integer ranks; no sign.,unregistered_auxiliary_identity,,NO_EXACT_KEY,source_grade_preserved_no_new_award,proved_informal_identity,cycles/cycle-1/C1-SYNTHESIS/RETURN.json,/claims/21,
C1-SYNTHESIS:22:C1-T3-02,1,C1-T3-02,proposed_unresolved,The unrestricted eligible-tree complete favorable-leaf sum at p=alpha-2 is nonpositive.,Primary E993-INTERIOR-ALPHA-MINUS-TWO-AGGREGATE.,registered_exact_identity,E993-INTERIOR-ALPHA-MINUS-TWO-AGGREGATE,VERIFIED,exact_primary_governed_award,formally_verified_primary_overlay_with_historical_source_status_preserved,cycles/cycle-1/C1-SYNTHESIS/RETURN.json,/claims/22,"Same primary theorem; C1 proposed_unresolved is historical, C2 supplies informal proof."
C1-SYNTHESIS:23:C1-U1-PRIMARY-INTERIOR-AGGREGATE-STATUS,1,C1-U1-PRIMARY-INTERIOR-AGGREGATE-STATUS,proposed_unresolved,The unrestricted primary alpha-minus-two complete-sum inequality remains unresolved.,"Exactly the frozen target, without residuality.",historical_status_report,,NO_EXACT_KEY,source_grade_preserved_no_new_award,unresolved_at_C1,cycles/cycle-1/C1-SYNTHESIS/RETURN.json,/claims/23,"Historical status report, not another theorem; canonical OPEN unchanged."
C1-SYNTHESIS:24:C1-U1-SUPPORT-FIBRE-POLYNOMIAL-IDENTITY,1,C1-U1-SUPPORT-FIBRE-POLYNOMIAL-IDENTITY,proposed_retained,"At each support, branch products H_s and R_s give I(T-v)=H_s+zR_s for every tagged leaf, with exact selector, term and lambda_s multiplicity.",All finite ordinary trees and integer ranks; no sign theorem.,unregistered_auxiliary_identity,,NO_EXACT_KEY,source_grade_preserved_no_new_award,proved_informal_identity,cycles/cycle-1/C1-SYNTHESIS/RETURN.json,/claims/24,
C1-SYNTHESIS:25:C1-U2-LOCAL-TOPSHELL-REDUCTION,1,C1-U2-LOCAL-TOPSHELL-REDUCTION,proposed_retained,"For each original leaf, alpha(H)=alpha(T)-1; q_v(j) counts H-independent j-sets hitting the other support neighbors; S=A_p-A_(p-1), with a per-leaf residual split.",Exact frozen-rank identity and classification; no shell comparison.,unregistered_auxiliary_identity,,NO_EXACT_KEY,source_grade_preserved_no_new_award,proved_informal_identity,cycles/cycle-1/C1-SYNTHESIS/RETURN.json,/claims/25,
C1-SYNTHESIS:26:C1-U3-EXACT-COUNT-OBSTRUCTION,1,C1-U3-EXACT-COUNT-OBSTRUCTION,proposed_retained_narrowed,The exact tagged identity S=A_p-A_(p-1) and selector decomposition hold; their sign implication remains open.,Algebraic reduction only; no impossibility or fresh-family-coverage claim.,unregistered_auxiliary_identity,,NO_EXACT_KEY,source_grade_preserved_no_new_award,proved_informal_identity,cycles/cycle-1/C1-SYNTHESIS/RETURN.json,/claims/26,C1 exact tagged-shell identity remains; C2 supplies missing comparison informally.
C2-SYNTHESIS:00:C2-CT-F1-01,2,C2-CT-F1-01,proposed_retained,The high-tail leaf sign and eligible-tree alpha bound compose to the primary nonpositive aggregate in informal mathematics.,"Exactly the primary ordinary-tree first-interior claim as an informal implication, pending governed Lean gate.",registered_exact_identity,E993-INTERIOR-ALPHA-MINUS-TWO-AGGREGATE,VERIFIED,exact_primary_governed_award,formally_verified_primary_overlay_with_historical_source_status_preserved,cycles/cycle-2/C2-SYNTHESIS/RETURN.json,/claims/0,
C2-SYNTHESIS:01:C2-CT-F2-LARGE-245-CHECK,2,C2-CT-F2-LARGE-245-CHECK,proposed_retained,"The specified 245-vertex core-plus-pendant-path tree is eligible with alpha=125, x=69, p=123, six favorable original leaves, and complete S=-50595152.",Exactly one specified ordinary 245-vertex tree checked by integer independence-polynomial recursion; bounded finite evidence only.,finite_evidence,,NO_EXACT_KEY,source_grade_preserved_no_new_award,bounded_computation_as_reported,cycles/cycle-2/C2-SYNTHESIS/RETURN.json,/claims/1,
C2-SYNTHESIS:02:C2-CT-U2-ELIGIBILITY-PROOF,2,C2-CT-U2-ELIGIBILITY-PROOF,proposed_retained_narrowed,Every eligible finite ordinary connected tree at integer p=alpha(T)-2 has alpha(T)>=7. The r27 forest-order-bound route is an informal alternate proof after exact coefficient and strict-first-descent identification; an independent direct Delta_0/Delta_1/Delta_2 tree proof closes the mathematical result without that transport.,"Ordinary finite connected acyclic simple graphs, integer p=alpha(T)-2, strict first descent x, x+2<=p; informal mathematical result only. The r27-to-primary Lean carrier equality is not established here.",registered_exact_identity,E993-INTERIOR-ELIGIBILITY-ALPHA-GE-SEVEN,OPEN,source_grade_preserved_no_new_award,proved_informal_formal_gate_pending,cycles/cycle-2/C2-SYNTHESIS/RETURN.json,/claims/2,Direct C2 coefficient proof establishes mathematical result; historical r27 Lean transport is unproved.
C2-SYNTHESIS:03:C2-CT-U2-TAGGED-SHADOW-PROOF,2,C2-CT-U2-TAGGED-SHADOW-PROOF,proposed_retained,"For finite bipartite H, arbitrary W subset V(H), h=alpha(H), and integer 1<=k<=h, tagged counts obey k*q_(k+1)<=2(h-k)*q_k; this yields the high-tail original-leaf sign under its stated rank guard, with p=1 handled separately.","Finite bipartite simple H, including disconnected H and empty W; independent j-sets meeting W with zero extension; 1<=k<=alpha(H). Leaf corollary for a finite bipartite graph with an original degree-one vertex and integer p>=1 satisfying 3p>=2alpha(G)+1. Informal proof only.",compound_auxiliary_or_composition,,NO_EXACT_KEY,source_grade_preserved_no_new_award,proved_informal_components_formal_gate_pending,cycles/cycle-2/C2-SYNTHESIS/RETURN.json,/claims/3,"Exact tagged bound plus high-tail leaf corollary, including separate p=1 case."
C2-SYNTHESIS:04:C2-CU-F1-01,2,C2-CU-F1-01,proposed_retained,The first-interior eligible ordinary-tree complete favorable-original-leaf sum is nonpositive by the same informal composition.,Exact primary semantic scope with unshifted strict selector and repeated-support multiplicity; no formal award.,registered_exact_identity,E993-INTERIOR-ALPHA-MINUS-TWO-AGGREGATE,VERIFIED,exact_primary_governed_award,formally_verified_primary_overlay_with_historical_source_status_preserved,cycles/cycle-2/C2-SYNTHESIS/RETURN.json,/claims/4,
C2-SYNTHESIS:05:C2-CU-F1-02,2,C2-CU-F1-02,proposed_retained,"The path-with-120-arms tree has order 244, alpha 122, p 120, x 81, all 121 original leaves favorable, and complete sum -2292918292728979880759067178983596064240.","One exact eligible finite constructor instance, not a universal proof.",finite_evidence,,NO_EXACT_KEY,source_grade_preserved_no_new_award,bounded_computation_as_reported,cycles/cycle-2/C2-SYNTHESIS/RETURN.json,/claims/5,
C2-SYNTHESIS:06:C2-F1-01,2,C2-F1-01,proposed_retained,Finite bipartite tagged independent-set counts satisfy k q_(k+1) <= 2(alpha(H)-k) q_k for 1<=k<=alpha(H); the original-leaf binding gives the factor 2(alpha(G)-1-k) while k<=alpha(H).,"Arbitrary finite bipartite H and W, plus finite bipartite degree-one leaf application; empty W, disconnected H, and endpoint rank included.",compound_auxiliary_or_composition,,NO_EXACT_KEY,source_grade_preserved_no_new_award,proved_informal_components_formal_gate_pending,cycles/cycle-2/C2-SYNTHESIS/RETURN.json,/claims/6,Exact tagged-bound component plus original-leaf binding; not full high-tail theorem as worded.
C2-SYNTHESIS:07:C2-F1-02,2,C2-F1-02,proposed_retained,The high-tail degree-one leaf difference Delta_(p-1)(H)-Delta_(p-1)(R) is nonpositive when p>=1 and 3p>=2alpha(G)+1.,"Finite bipartite G, original degree-one vertex, integer p and zero extension; disconnected graphs allowed; no selector or residual premise.",registered_exact_identity,E993-BIPARTITE-LEAF-HIGH-TAIL-POINTWISE,OPEN,source_grade_preserved_no_new_award,proved_informal_formal_gate_pending,cycles/cycle-2/C2-SYNTHESIS/RETURN.json,/claims/7,
C2-SYNTHESIS:08:C2-F1-03,2,C2-F1-03,proposed_retained,Primary eligibility x(T)+2<=alpha(T)-2 forces alpha(T)>=7.,"Finite ordinary connected trees, strict first negative difference and integer p.",registered_exact_identity,E993-INTERIOR-ELIGIBILITY-ALPHA-GE-SEVEN,OPEN,source_grade_preserved_no_new_award,proved_informal_formal_gate_pending,cycles/cycle-2/C2-SYNTHESIS/RETURN.json,/claims/8,
C2-SYNTHESIS:09:C2-F1-04,2,C2-F1-04,proposed_retained,"The five path-with-arms cases m=3,4,5,10,20 have the reported first descents, strict selectors, local terms and complete sums.","Exactly the five finite constructor instances, no universal family inference.",finite_evidence,,NO_EXACT_KEY,source_grade_preserved_no_new_award,bounded_computation_as_reported,cycles/cycle-2/C2-SYNTHESIS/RETURN.json,/claims/9,"Only five finite m=3,4,5,10,20 rows; positive complete m=3 row is ineligible."
C2-SYNTHESIS:10:C2-F2-ELIGIBILITY-ALPHA-GE-SEVEN,2,C2-F2-ELIGIBILITY-ALPHA-GE-SEVEN,proposed_retained,Primary eligibility for an ordinary connected tree implies alpha at least seven.,"The precise first-interior ordinary-tree guard, with strict descent and zero extension.",registered_exact_identity,E993-INTERIOR-ELIGIBILITY-ALPHA-GE-SEVEN,OPEN,source_grade_preserved_no_new_award,proved_informal_formal_gate_pending,cycles/cycle-2/C2-SYNTHESIS/RETURN.json,/claims/10,Direct proof supports candidate; no r27 Lean carrier assumed.
C2-SYNTHESIS:11:C2-F2-FRESH-ELIGIBLE-ORDER-NINE-REPLAY,2,C2-F2-FRESH-ELIGIBLE-ORDER-NINE-REPLAY,proposed_retained,"The displayed order-nine tree has alpha=7, x=3, p=5, six favorable original tags, and complete S=-56.",One specified finite tree only; no census or universal sign inference.,finite_evidence,,NO_EXACT_KEY,source_grade_preserved_no_new_award,bounded_computation_as_reported,cycles/cycle-2/C2-SYNTHESIS/RETURN.json,/claims/11,
C2-SYNTHESIS:12:C2-F3-001,2,C2-F3-001,proposed_retained,"The bipartite tagged-shadow inequality holds for all integer k>=1, with zero extension beyond alpha(H), and the original-leaf refinement holds with alpha(G)-1.","All finite bipartite H and W, plus finite bipartite G with degree-one vertex; the nonnegative extension-factor proof is used only through k<=alpha(H).",compound_auxiliary_or_composition,,NO_EXACT_KEY,source_grade_preserved_no_new_award,proved_informal_components_formal_gate_pending,cycles/cycle-2/C2-SYNTHESIS/RETURN.json,/claims/12,"For k>alpha(H), both tagged layers are zero; no negative-factor extension step."
C2-SYNTHESIS:13:C2-F3-002,2,C2-F3-002,proposed_retained,An eligible ordinary connected tree at p=alpha(T)-2 has alpha(T)>=7.,"Exact strict-first-descent, integer-rank tree scope.",registered_exact_identity,E993-INTERIOR-ELIGIBILITY-ALPHA-GE-SEVEN,OPEN,source_grade_preserved_no_new_award,proved_informal_formal_gate_pending,cycles/cycle-2/C2-SYNTHESIS/RETURN.json,/claims/13,
C2-SYNTHESIS:14:C2-F3-003,2,C2-F3-003,proposed_retained,"The tagged bound and eligibility guard imply S(T,alpha(T)-2)<=0 as a complete informal proof candidate.","Unchanged primary ordinary-tree first-interior target, all favorable original leaf tags, exact original support deletions, no residuality; no formal award.",registered_exact_identity,E993-INTERIOR-ALPHA-MINUS-TWO-AGGREGATE,VERIFIED,exact_primary_governed_award,formally_verified_primary_overlay_with_historical_source_status_preserved,cycles/cycle-2/C2-SYNTHESIS/RETURN.json,/claims/14,
C2-SYNTHESIS:15:C2-T1-EXACTID-E993-BIPARTITE-TAGGED-SHADOW-BOUND,2,C2-T1-EXACTID-E993-BIPARTITE-TAGGED-SHADOW-BOUND,proposed_retained,"For every finite bipartite simple graph H, arbitrary W subseteq V(H), a=alpha(H), and integer 1<=k<=a, the independent j-set counts q_j meeting W satisfy k*q_(k+1)<=2*(a-k)*q_k.","Exact registered tagged-shadow auxiliary, including disconnected H, empty W, terminal k=a, and integer zero extension; complete informal proof only.",registered_exact_identity,E993-BIPARTITE-TAGGED-SHADOW-BOUND,OPEN,source_grade_preserved_no_new_award,proved_informal_formal_gate_pending,cycles/cycle-2/C2-SYNTHESIS/RETURN.json,/claims/15,
C2-SYNTHESIS:16:C2-T2-INTERIOR-ELIGIBILITY-ALPHA-GE-SEVEN,2,C2-T2-INTERIOR-ELIGIBILITY-ALPHA-GE-SEVEN,proposed_retained,"For every finite ordinary connected tree T, with integer p=alpha(T)-2 and first strict negative forward-difference index x(T), eligibility x(T)+2<=p implies alpha(T)>=7.",Exact ordinary connected-tree eligibility auxiliary; no residual premise or aggregate conclusion; complete informal proof only.,registered_exact_identity,E993-INTERIOR-ELIGIBILITY-ALPHA-GE-SEVEN,OPEN,source_grade_preserved_no_new_award,proved_informal_formal_gate_pending,cycles/cycle-2/C2-SYNTHESIS/RETURN.json,/claims/16,
C2-SYNTHESIS:17:C2-T3-01,2,C2-T3-01,proposed_retained,"For finite bipartite H, arbitrary W subseteq V(H), a=alpha(H), and integer 1<=k<=a, tagged independent-set counts satisfy k*q_(k+1)<=2*(a-k)*q_k.",Same exact bipartite tagged-shadow scope as C2-T1's incoming ID; complete informal proof only.,registered_exact_identity,E993-BIPARTITE-TAGGED-SHADOW-BOUND,OPEN,source_grade_preserved_no_new_award,proved_informal_formal_gate_pending,cycles/cycle-2/C2-SYNTHESIS/RETURN.json,/claims/17,
C2-SYNTHESIS:18:C2-T3-02,2,C2-T3-02,proposed_retained,"If finite bipartite G has a degree-one vertex v with support s, p>=1, and 3p>=2alpha(G)+1, then Delta_(p-1)(G-{v,s})-Delta_(p-1)(G-N_G[s])<=0.","Exact unselected original-leaf sign for finite bipartite simple G under the displayed high-tail guard, with integer zero extension and no connectivity, favorable, or residual premise; complete informal proof only.",registered_exact_identity,E993-BIPARTITE-LEAF-HIGH-TAIL-POINTWISE,OPEN,source_grade_preserved_no_new_award,proved_informal_formal_gate_pending,cycles/cycle-2/C2-SYNTHESIS/RETURN.json,/claims/18,
C2-SYNTHESIS:19:C2-T3-03,2,C2-T3-03,proposed_retained,An eligible finite connected tree with integer p=alpha(T)-2 and first strict descent x(T) has alpha(T)>=7.,Same exact ordinary connected-tree eligibility scope as C2-T2's incoming ID; complete informal proof only.,registered_exact_identity,E993-INTERIOR-ELIGIBILITY-ALPHA-GE-SEVEN,OPEN,source_grade_preserved_no_new_award,proved_informal_formal_gate_pending,cycles/cycle-2/C2-SYNTHESIS/RETURN.json,/claims/19,
C2-SYNTHESIS:20:C2-T3-04,2,C2-T3-04,proposed_retained,"For every finite ordinary connected tree T, with integer p=alpha(T)-2 and x(T)+2<=p, the complete favorable original-leaf aggregate S(T,p) is nonpositive.","Exactly E993-INTERIOR-ALPHA-MINUS-TWO-AGGREGATE: strict selector Delta_p(T-v)<0 at original p, all original leaf tags with multiplicity, no residual premise; complete informal proof pending governed Lean gate.",registered_exact_identity,E993-INTERIOR-ALPHA-MINUS-TWO-AGGREGATE,VERIFIED,exact_primary_governed_award,formally_verified_primary_overlay_with_historical_source_status_preserved,cycles/cycle-2/C2-SYNTHESIS/RETURN.json,/claims/20,
C2-SYNTHESIS:21:C2-U1-ELIGIBILITY-ALPHA-LOWER-BOUND,2,C2-U1-ELIGIBILITY-ALPHA-LOWER-BOUND,proposed_retained,Eligibility x(T)+2<=alpha(T)-2 for an ordinary finite connected tree forces alpha(T)>=7.,Finite connected acyclic simple ordinary T; signed zero-extended independent-set differences; x is the least strict negative rank; integer p=alpha(T)-2. Informal proof only.,registered_exact_identity,E993-INTERIOR-ELIGIBILITY-ALPHA-GE-SEVEN,OPEN,source_grade_preserved_no_new_award,proved_informal_formal_gate_pending,cycles/cycle-2/C2-SYNTHESIS/RETURN.json,/claims/21,
C2-SYNTHESIS:22:C2-U1-TAGGED-SHADOW-COUNT,2,C2-U1-TAGGED-SHADOW-COUNT,proposed_retained,"For finite bipartite H, arbitrary W, integer a satisfying alpha(H)<=a-1, and integer k>=1, tagged counts satisfy k*q_(k+1)<=2(a-1-k)*q_k with zero extension; for any tree leaf at p=alpha(T)-2 and alpha(T)>=7, its H/R summand is nonpositive.","All finite bipartite H and W, including empty and out-of-range tagged layers, followed by original-leaf specialization in an ordinary finite tree; no selector or residual assumption for the pointwise sign. Informal proof only.",compound_auxiliary_or_composition,,NO_EXACT_KEY,source_grade_preserved_no_new_award,proved_informal_components_formal_gate_pending,cycles/cycle-2/C2-SYNTHESIS/RETURN.json,/claims/22,Parameterized tagged bound implies exact registry bound; tree-leaf corollary is narrower than full high-tail theorem.
C2-SYNTHESIS:23:C2-U2-TRANSPORT-AND-CONDITIONAL-COMPOSITION,2,C2-U2-TRANSPORT-AND-CONDITIONAL-COMPOSITION,proposed_retained_narrowed,"The original-leaf H/R coefficient identities and strict high-tail rank arithmetic correctly transport the proposed tagged and eligibility lemmas to the complete first-interior sum. The two mathematical inputs now have complete informal proofs, while cross-package Lean carrier lemmas and the governed primary gate remain open; r26's top-rank residual theorem does not directly apply.","Ordinary finite connected trees at integer p=alpha(T)-2 with strict x+2<=p, original leaf tags and supports, selector Delta_p(T-v)<0, complete sum with multiplicity. Mathematical finite-set composition only, without a formal carrier award or broader-rank/RTree implication.",compound_auxiliary_or_composition,,NO_EXACT_KEY,source_grade_preserved_no_new_award,proved_informal_components_formal_gate_pending,cycles/cycle-2/C2-SYNTHESIS/RETURN.json,/claims/23,Informal composition only; cross-package Lean carrier equalities and formal gate remain open.
C2-SYNTHESIS:24:C2-U3-PRIMARY-PROOF-COMPLETENESS,2,C2-U3-PRIMARY-PROOF-COMPLETENESS,proposed_retained,"At the exact eligible ordinary-tree alpha-minus-two scope, eligibility forces alpha>=7 and a bipartite tagged-set count makes every original-leaf term nonpositive; summing over the complete strict favorable leaf filter proves S(T,p)<=0 as a complete informal mathematical proof candidate.","Every finite connected acyclic simple ordinary T, integer p=alpha(T)-2, strict first descent x with x+2<=p, original degree-one leaves with original supports/neighborhoods, unshifted strict selector Delta_p(T-v)<0, all leaf tags including shared-support multiplicity; no residual premise. Governed formal proof is pending.",registered_exact_identity,E993-INTERIOR-ALPHA-MINUS-TWO-AGGREGATE,VERIFIED,exact_primary_governed_award,formally_verified_primary_overlay_with_historical_source_status_preserved,cycles/cycle-2/C2-SYNTHESIS/RETURN.json,/claims/24,
C2-SYNTHESIS:25:C2-SYNTHESIS-PRIMARY-INFORMAL,2,C2-SYNTHESIS-PRIMARY-INFORMAL,proposed_candidate,"For every finite ordinary connected tree T with integer p=alpha(T)-2 and strict first descent x(T) satisfying x(T)+2<=p, the complete favorable original-leaf aggregate S(T,p)<=0.","Exact unchanged E993-INTERIOR-ALPHA-MINUS-TWO-AGGREGATE, all favorable original leaf tags with original supports and repeated-support multiplicity, strict unshifted selector, no residual premise; complete informal proof candidate only.",registered_exact_identity,E993-INTERIOR-ALPHA-MINUS-TWO-AGGREGATE,VERIFIED,exact_primary_governed_award,formally_verified_primary_overlay_with_historical_source_status_preserved,cycles/cycle-2/C2-SYNTHESIS/RETURN.json,/claims/25,Selected exact informal candidate; primary-only contract awards no auxiliaries or headlines.
