cycle,claim_id,controller_disposition,evidence_grade,reviewed_conclusion
6,E993-C6-T1-CENTER-CHOICE-LOWER-BOUND,retained,informal_exact_identity_and_lower_bound,Center-choice expansion and empty-plus-singleton lower bound are exact; universal payment by that truncation is false at the independently reviewed m150 control. The conditional implication and source finite probe survive.
6,E993-C6-T1-HOMOGENEOUS-BOUNDED-PROBE,retained,bounded_computational,"Homogeneous r2,3,4 through m = 40: 36 eligible lower-half rows, all truncated payment tests pass; no universal inference."
6,C6-T2-ADJACENT-PARENT-SLOPE-CURVATURE,retained,informal_exact_identity,Adjacent parent signs give the exact second-difference bound; no absolute selected-mass estimate follows.
6,C6-T3.SHIFTED-SELECTOR-REDUCTION,retained_with_controller_correction,informal_exact_identity,"A0-Ai=z^3 F_i H_i. Under e0=1, ei=1 iff d_i>Delta_p A0; d_i>=0 is sufficient only. The stronger existential nonnegative-cofactor proposal fails at(0,12,10),p = 39."
6,C6-T3.ENDPOINT-ONLY-EXCLUSION,narrowed_status_and_proof_method,computer_assisted_corollary_plus_bounded_control,Endpoint-only exclusion already follows from the accepted aggregate and positive D_j. Only an independent census-free proof remains missing. The m30 absence census is valid bounded evidence.
6,C6-F1-EXACT-MASS-SLACK-M30,retained,bounded_computational,"All 5455 profiles and 678 eligible lower-half rows through m30 satisfy three payment tests. Their minimum ratios occur at(0,0,24),p = 49; finite extrema only."
6,C6-F2-SPREAD-PREFIX-IDENTITY,retained,informal_exact_identity,E=Gz^3L^2K and the exact old-descent prefix payment criterion are valid; coefficient positivity does not itself sign the forward difference.
6,C6-F2-SPREAD-PREFIX-REPLAY-M30,retained,bounded_computational,"4495 spread profiles, 4494 nonempty cofactors and 154081 prefix ranks through m30; no reversal or negative increment in that finite support."
6,C6-F2-UNIVERSAL-SPREAD-DESCENT-OPEN,retained,open_mechanism,"Universal fixed-(m,N) first-descent nondecrease remains unproved; a common-rank S comparison and independent balanced base are separate obligations."
6,C6-F3-MARK-COVARIANCE-NONPOSITIVE,retained,informal_relative_sign,"Rank-conditioned occupation likelihood-ratio order proves Cov(M_e,D)-E A_e<=0. It also follows from the stronger formal-margin reduction; no absolute binomial payment follows."
6,C6-F3-ELIGIBLE-MEAN-DRIFT-FINITE-SCOPE,retained,bounded_computational,The conditional mean full-mark generator drift is nonpositive on 678 eligible lower-half rows through m30. This neither proves a universal mean sign nor controls the full covariance by itself.
6,C6-F3-24-ARY4-CONDITIONAL-MEAN,retained,exact_single_profile_computation,"The 123-vertex r4,m24 tree at p = 49 has negative conditional mean and S=-186425132008804653452986434276; a supported positive pointwise drift remains compatible with both."
6,C6-F3-UNIVERSAL-BINOMIAL-OCCUPATION-PAYMENT,retained_as_sufficient_open_target,open_mechanism,The occupation-payment condition is sufficient but unproved universally. It is equivalent to(C[j]-C[j+1])A>=bD_jC[j]. E D<-1 holds throughout the actual target; its complementary easy case is unavailable.
6,C6-U1-MARKED-SLOT-EXPANSION,retained,informal_exact_identity,The marked-slot tuple count and selected-mass slack decomposition are exact; no debt-to-slot injection is constructed.
6,C6-U1-ABSOLUTE-FLOW-GAP,narrowed_to_independent_proof_gap,open_mechanism,The route supplies no branch-capacity or collective-flow theorem. The independent census-free selector proof remains missing; mathematical endpoint-only exclusion is already a computer-assisted corollary.
6,C6-U2-COVARIANCE-TO-MASS,retained_exact_reduction,informal_conditional_derivation,The formal relative margin plus the exact birth identity yields the covariance bound and S<=bD_j-A/delta. The derivation is established; its absolute MASS premise remains open.
6,C6-U3-SPREAD-RANK-PAYMENT-IDENTITY,retained_after_sign_correction,informal_exact_identity,"Replace the source binomial term by choose(q,k)-choose(q,k-1). The corrected cofactor stencil exactly reformulates first-descent nondecrease; the printed reverse-sign formula is false."
6,C6-U3-SPREAD-RANK-RESTRICTED-UNIVERSAL-STEP,retained,open_mechanism,No universal spread-prefix inequality is proved. Eligibility of a final descendant transfers backwards to ancestors if descent is nondecreasing; the forward eligibility assertion is not valid.
