id,status,evidence_grade,formal_award,canonical_statement,canonical_scope,surviving_premises_json,evidence_refs_json,source_occurrence_count,work_authority,next_action
E993-TGT-TREE,OPEN,,False,Every finite tree has a weakly unimodal independence sequence,all finite nonempty trees; the conjecture's TREE headline,[],[],0,REQUIRES NEW AUTHORIZATION,"Preserve the exact registered statement, scope and premises. See CONTINUATION-HANDOFF.md for research priorities; inherited program obligations are not automatically assigned to a new experiment."
E993-TGT-FOREST,OPEN,,False,Every finite forest has a weakly unimodal independence sequence,all finite forests including the empty forest; the conjecture's FOREST headline,[],[],2,REQUIRES NEW AUTHORIZATION,"Preserve the exact registered statement, scope and premises. See CONTINUATION-HANDOFF.md for research priorities; inherited program obligations are not automatically assigned to a new experiment."
E993-TGT-TRANSFER,OPEN,,False,A convolution-stable class strictly between log-concavity and unimodality containing all tree independence sequences,the reshaped transfer question; universal,[],[],0,REQUIRES NEW AUTHORIZATION,"Preserve the exact registered statement, scope and premises. See CONTINUATION-HANDOFF.md for research priorities; inherited program obligations are not automatically assigned to a new experiment."
E993-EXISTS-COUNTEREXAMPLE,OPEN,,False,There exists a finite tree or forest with a non-unimodal independence sequence,existence; any order,[],[],0,REQUIRES NEW AUTHORIZATION,"Preserve the exact registered statement, scope and premises. See CONTINUATION-HANDOFF.md for research priorities; inherited program obligations are not automatically assigned to a new experiment."
E993-THEOREM-A,OPEN,,False,"For every tree T, support-bearing s, p >= x(T)+1: PFavorableAt(p,s) implies a_p(s) < 0",universal; THEOREM (A) of the corridor program,[],[],0,REQUIRES NEW AUTHORIZATION,"Preserve the exact registered statement, scope and premises. See CONTINUATION-HANDOFF.md for research priorities; inherited program obligations are not automatically assigned to a new experiment."
E993-THEOREM-B,OPEN,,False,For every tree T and leaf v: x(T−v) >= x(T)−1,universal; leaf crossing-shift,[],[],0,REQUIRES NEW AUTHORIZATION,"Preserve the exact registered statement, scope and premises. See CONTINUATION-HANDOFF.md for research priorities; inherited program obligations are not automatically assigned to a new experiment."
E993-ALPHA-TARGET,OPEN,,False,"For leaf v with support s, p with k_A = 1 and a_v(p) < 0: a_v(p) + (b_v(p) − Bgen_s(p−1)) < 0",universal at k_A = 1; (α),[],[],0,REQUIRES NEW AUTHORIZATION,"Preserve the exact registered statement, scope and premises. See CONTINUATION-HANDOFF.md for research priorities; inherited program obligations are not automatically assigned to a new experiment."
E993-AMBIENT-TARGET-DEG2,OPEN,,False,"AmbientTargetDeg2: D := Delta_{p−2}(U) <= H−1 on every hypothesis instance (deg(s)=2, U = T∖N[v]∖N[g], p = x(T)+1)",universal on the deg(s)=2 stratum; equivalent to (α) there via the governed r12 reduction,[],[],0,REQUIRES NEW AUTHORIZATION,"Preserve the exact registered statement, scope and premises. See CONTINUATION-HANDOFF.md for research priorities; inherited program obligations are not automatically assigned to a new experiment."
E993-TRANSFER-TO-FOREST,CONDITIONAL,,False,IF every component tree of forest F is TRS2 THEN F's independence sequence is TRS2,conditional; the universal antecedent is REFUTED (E993-UNIV-TREE-TRS2),[],[],0,REQUIRES NEW AUTHORIZATION,"Preserve the exact registered statement, scope and premises. See CONTINUATION-HANDOFF.md for research priorities; inherited program obligations are not automatically assigned to a new experiment."
E993-STRICT-UNITS,OPEN,,False,D_p(T) > 0 and D_q(T) < 0 for every minimum first-recovery tree,"universal; OB-G1/OB-G2, the S3 endpoint units",[],[],0,REQUIRES NEW AUTHORIZATION,"Preserve the exact registered statement, scope and premises. See CONTINUATION-HANDOFF.md for research priorities; inherited program obligations are not automatically assigned to a new experiment."
E993-PAIR-G4,OPEN,,False,Q > 0 for every minimum first-recovery tree (a common leaf with a_p(v) < 0 < a_q(v)),"universal; OB-PAIR-G4/OB-G3, the decisive S4 gap",[],[],0,REQUIRES NEW AUTHORIZATION,"Preserve the exact registered statement, scope and premises. See CONTINUATION-HANDOFF.md for research priorities; inherited program obligations are not automatically assigned to a new experiment."
E993-CAND-R18C1T1-3,OPEN,,False,Candidate 3 / S-1: per-remnant band discharge on the branch-remnant expansion (*)/(**) — D>0 on G2∧|U|>=2p-2 is SUFFICIENTLY excluded (not equivalently) by the per-remnant discharge; classification MECHANISM-EQUIVALENT-TO-LAYER-4-AT-A-NEW-SITE,"G2 ∧ |U| >= 2p-2, deg(s)=2 stratum; fireability criterion deg_T(z_j) >= e+t+2-j attached; both named killers fire (92.0%/2.0%)",[],[],0,REQUIRES NEW AUTHORIZATION,"Preserve the exact registered statement, scope and premises. See CONTINUATION-HANDOFF.md for research priorities; inherited program obligations are not automatically assigned to a new experiment."
E993-BF-3,OPEN,,False,"BF-3 (missing H-side representation — a design judgment, not a theorem): the remnant expansion Delta_k(W∖g) = Delta_k(U) + sum_j Delta_{k-1}(Rem_j) with branch remnants whose crossing behaviour the hypothesis does not constrain is the named difficulty; the fifth layer's object is a hypothesis-sensitive bound on branch-remnant crossing behaviour, or a genuinely new H-representation avoiding remnants",design brief of record for the fifth representation layer; sequence-shape and root-state-recursion continuations stay refused (F1/F2; reserved I/A/B zone),[],[],0,REQUIRES NEW AUTHORIZATION,"Preserve the exact registered statement, scope and premises. See CONTINUATION-HANDOFF.md for research priorities; inherited program obligations are not automatically assigned to a new experiment."
E993-BETA-AGG,OPEN,,False,"For every governed RTree T and p >= x(T)+2, the sum of g_v(T,p) = b_v(p)-Bgen_{s_v}(p-1) over all original leaves v satisfying a_v(p)<0 is nonpositive",universal favorable-leaf aggregate on the governed RTree model; all p >= x(T)+2; individual positive margins are permitted; this is not the refuted pointwise (beta) claim and cannot be presented as a reopening of E993-BETA-TARGET,[],[],1,REQUIRES NEW AUTHORIZATION,"Preserve the exact registered statement, scope and premises. See CONTINUATION-HANDOFF.md for research priorities; inherited program obligations are not automatically assigned to a new experiment."
E993-LAMBDA2-CONJ,OPEN,,False,"Graded certificate conjecture: every tree's independence sequence admits a comonotone mode-centred box certificate with slack 2 and slope <= 1/5 (every block [m-A,m+B] satisfies A <= 3B/2+2 and B <= 3A/2+2) — strictly stronger than unimodality (quantitative two-sided tail domination about the mode)","all finite trees; MEASURED CONJECTURE, not a theorem",[],[],0,REQUIRES NEW AUTHORIZATION,"Preserve the exact registered statement, scope and premises. See CONTINUATION-HANDOFF.md for research priorities; inherited program obligations are not automatically assigned to a new experiment."
E993-PAIR-PHISTAR-CLOSURE,OPEN,,False,"THE CLOSURE OBLIGATION (the r20 central open object): for every finite forest F with at least one edge there EXISTS a leaf v such that i(F) is nondecreasing on [0, m-1] and nonincreasing on [m+1, infinity), where m = mode(i(F-v)) (first-argmax) — a two-sided mode-drift-1 bound between i(F) and i(F-v)","all finite forests with an edge; TARGET-IMPLYING (proving it proves FOREST hence TREE); strictly weaker than the full motion conjecture (implied by C1's delta_f conjunct); NOT known to be implied by the target — a genuine intermediate. Falsification signature: a forest where EVERY leaf fails the bound (a mechanism kill of Phi*-closure, never itself a target event)",[],[],0,REQUIRES NEW AUTHORIZATION,"Preserve the exact registered statement, scope and premises. See CONTINUATION-HANDOFF.md for research priorities; inherited program obligations are not automatically assigned to a new experiment."
E993-PAIR-MODE-GAP,OPEN,,False,"Measured conjecture: for every tree T and leaf v, |mode(i(T-v)) - mode(i(T-N[v]))| <= 1 (first-argmax)","MEASURED, NOT PROVED — may not be cited as progress on anything",[],[],0,REQUIRES NEW AUTHORIZATION,"Preserve the exact registered statement, scope and premises. See CONTINUATION-HANDOFF.md for research priorities; inherited program obligations are not automatically assigned to a new experiment."
E993-PAIR-ALLLEAF-WINDOW,OPEN,,False,"Universal (all-leaves) closure form: for every finite forest F with an edge and EVERY leaf v, last_mode(i(F)) - 1 <= mode_first(i(F-v)) <= mode_first(i(F)) + 1","MEASURED ONLY — exhaustive orders <= 17 (294,178 forests cumulative, 2,337,444 leaf instances, 0 failures; extended by CRIT-T1-F) + 25.4M constructed polynomials; implies E993-PAIR-PHISTAR-CLOSURE; min-working-leaves=2 excluded as a path-family artifact",[],[],0,REQUIRES NEW AUTHORIZATION,"Preserve the exact registered statement, scope and premises. See CONTINUATION-HANDOFF.md for research priorities; inherited program obligations are not automatically assigned to a new experiment."
E993-PAIR-LEAFDRIFT-01,OPEN,,False,"Leaf-drift bound: for every forest F with an edge and every leaf v, mode_first(i(F)) - mode_first(i(F-v)) is in {0, +1} (one-sided: the mode never retreats under leaf removal)","MEASURED ONLY — 36.6M instances to order 26 (ADJ-F/CRIT-F2-T amplified populations), opposite-shift adversarial family proved EMPTY at scope; SPLIT: delta_f <= 1 IS the OPEN antecedent of E993-PAIR-C1-IMPLIES-TARGET (target-implying); delta_f >= 0 is discharged by E993-PAIR-MODE-NR conditional on s <= 1",[],[],0,REQUIRES NEW AUTHORIZATION,"Preserve the exact registered statement, scope and premises. See CONTINUATION-HANDOFF.md for research priorities; inherited program obligations are not automatically assigned to a new experiment."
E993-PAIR-PLATEAU-LE1,OPEN,,False,Plateau bound: the maximum-level plateau of i(F) has length <= 2 (equivalently: at most two consecutive ranks attain the maximum; plateau-excess never >= 2) for every forest F,"MEASURED ONLY — exhaustive orders <= 17 + 25.4M constructed polynomials, 0 exceptions (CRIT-T1-F barrier hunt)",[],[],0,REQUIRES NEW AUTHORIZATION,"Preserve the exact registered statement, scope and premises. See CONTINUATION-HANDOFF.md for research priorities; inherited program obligations are not automatically assigned to a new experiment."
E993-PAIR-NETZERO,OPEN,,False,"Net-zero realizability chain: every known abstract overshoot witness (472 at the tested box) dies under the registered conditions — 116 survive r-unimodality (the hypothesis-aware count), 5 survive r_0 = 1, 0 survive the forest edge count C(p_1,2) - p_2 <= p_1 - 1; the alpha-sandwich is inert in this chain","A BOUNDED ZERO ON ITS FACE — the tested abstract box only (lengths <= 5-ish, small values); evidence of nothing beyond itself; the run's realizability evidence, never proof; growing the box is the standing falsification target",[],[],0,REQUIRES NEW AUTHORIZATION,"Preserve the exact registered statement, scope and premises. See CONTINUATION-HANDOFF.md for research priorities; inherited program obligations are not automatically assigned to a new experiment."
E993-R19-FIXED-GAMMA-HALL,OPEN,,False,"For every governed RTree tuple, the exact fixed Delete/Retag relation satisfies Hall's subset inequality.",Universal fixed-Gamma Hall mechanism for the r19 aggregate-beta route; stronger than E993-BETA-AGG; excludes the refuted residual-token capacity cap(y)=D-d_minus(y).,[],[],0,REQUIRES NEW AUTHORIZATION,"Preserve the exact registered statement, scope and premises. See CONTINUATION-HANDOFF.md for research priorities; inherited program obligations are not automatically assigned to a new experiment."
E993-R19-TM-RATIO-PACKAGE,OPEN,,False,"All four adjudicated ratio inequalities R-I, R-0, R-star, and R-K hold for every m>=1 on their exact coefficient ranges and imply the T_m aggregate sign.",The exact r19 T_m special-family ratio package only; does not assert all-tree aggregate beta or termwise negativity.,[],[],0,REQUIRES NEW AUTHORIZATION,"Preserve the exact registered statement, scope and premises. See CONTINUATION-HANDOFF.md for research priorities; inherited program obligations are not automatically assigned to a new experiment."
E993-R19-R2-HALL-UNIVERSAL,OPEN,,False,Every eligible governed adjacent-rank transition satisfies the frozen radius-two Hall capacity inequality on destination-positive supports.,Universal radius-two Hall certificate in r19; strictly stronger than and not equivalent to E993-BETA-AGG.,[],[],0,REQUIRES NEW AUTHORIZATION,"Preserve the exact registered statement, scope and premises. See CONTINUATION-HANDOFF.md for research priorities; inherited program obligations are not automatically assigned to a new experiment."
E993-R19-U2-UNIVERSAL-FACES,OPEN,,False,"For every eligible governed row under the frozen unweighted support-mean convention, S_ORB<=0 and C<=-S_ORB.",The two universal orbit/covariance sign faces used by the r19 conditional composition theorem; stronger than and not equivalent to E993-BETA-AGG.,[],[],0,REQUIRES NEW AUTHORIZATION,"Preserve the exact registered statement, scope and premises. See CONTINUATION-HANDOFF.md for research priorities; inherited program obligations are not automatically assigned to a new experiment."
E993-PAIR-K2-GRAFT-PRESERVATION,CONDITIONAL,,False,"K2-graft conditional preservation theorem (adjudicated measured-quad form, r20 C8): let (F1,v1) be a leaf-marked forest at the s=-1 stratum with measured margin quad (delta_f, plateau_span, margin_A, margin_B) = (1,0,0,2) and f1,g1,r1,h1 weakly unimodal (the structural-induction hypothesis). Then the K2-graft - EDGE-JOIN at its forced atom F2 = K2, i.e. grafting one pendant leaf onto the support - preserves the window box: margin_B(W) >= 1 UNCONDITIONALLY at the stratum, and margin_A(W) >= 0 follows in two lines from the single named premise P-CASE-I (unproved, unrefuted, survived attack at every scope attempted). Constituent proved lemmas on this certificate: the K2-graft closed form g' = (1+x)g1, r' = r1; the identity f' = h1 (W - v1 iso F1: unconditional, every forest, every leaf); the mode-location trichotomy (the new half of the route's Lemma 3); P-SIGN-F struck from the premise set (proved a theorem, f' = h1).","STRICTLY SUB-CHARTERED (C8-GATE-RECORD par.0): the K2 ATOM of ONE law (EDGE-JOIN), ONE stratum (s=-1); an atom instance is not a law - general EDGE-JOIN and DISJOINT-UNION carry no preservation theorem; delta_f=0 carries no theorem. FIREWALL: this restated form never consumes target-implying P-DF01 (= OPEN E993-PAIR-LEAFDRIFT-01); the route face's Corollary carried that breach and is struck of record. Registered CONDITIONAL - the row is not VERIFIED-unconditional and may never be cited without P-CASE-I named.",[],[],0,REQUIRES NEW AUTHORIZATION,"Preserve the exact registered statement, scope and premises. See CONTINUATION-HANDOFF.md for research priorities; inherited program obligations are not automatically assigned to a new experiment."
E993-G1WIDE-NO-SIZE-CAP,OPEN,open_unresolved_no_formal_award,False,The exact G1wide tuple guards imply residual Delta_(p-2) <= 0 without hKL or hKSCOPE,Actual finite trees and separately the binder-for-binder RTree target in the solution contract,[],"[{""path"": ""cycles/cycle-2/stage6/C2-SYNTHESIS/CLAIMS.json"", ""sha256"": ""781fbbf9c14f59a2eaf4d30ed7717a51a8ca1d663fc722d25c19b27d34028a12""}, {""path"": ""cycles/cycle-2/stage6/C2-SYNTHESIS/PROOFS.md"", ""sha256"": ""3fd80e3e8079682bbc76c07012999b9e4c8a8064459f605eec79abcbdafc3ecc""}, {""path"": ""control/C2-TERMINAL-MAPPING-v1/OCCURRENCE-MAPPINGS.json"", ""sha256"": ""ca31f4f8fdceede529af5bd0ed91f83b793e32ff848ca52e9d34fab6bcfddf3d""}, {""path"": ""control/C2-TERMINAL-SEMANTIC-REVIEW-v1.json"", ""sha256"": ""be34293e15cb6a39d3e8606c0dd20dc6aef820d7547db86c93493783de61a2a4""}]",13,REQUIRES NEW AUTHORIZATION,"Preserve the exact registered statement, scope and premises. See CONTINUATION-HANDOFF.md for research priorities; inherited program obligations are not automatically assigned to a new experiment."
E993-G1-ALIGN-SUFFICIENT,CONDITIONAL,proved_informal_implication_only_surviving_premises_no_formal_award,False,"If an exact ordinary G1 tuple has a vertex a of U such that max(tau(U-a),tau(U-N_U[a])+1)<=p-2, then Delta_(p-2)(U)<=0.",Full original guards plus existential ALIGN; surviving ALIGN premise explicitly required.,"[""There exists such a vertex a and both full tail onsets satisfy the bound.""]",[],0,REQUIRES NEW AUTHORIZATION,"Preserve the exact registered statement, scope and premises. See CONTINUATION-HANDOFF.md for research priorities; inherited program obligations are not automatically assigned to a new experiment."
E993-G1-EXISTENTIAL-ALIGN,OPEN,open_unresolved_no_formal_award,False,"Every exact ordinary G1 tuple has some vertex a of U with max(tau(U-a),tau(U-N_U[a])+1)<=p-2.",Universal over exact ordinary G1 tuples; existential vertex selection and full deletion tails.,[],"[{""path"": ""cycles/cycle-2/stage6/C2-SYNTHESIS/CLAIMS.json"", ""sha256"": ""781fbbf9c14f59a2eaf4d30ed7717a51a8ca1d663fc722d25c19b27d34028a12""}, {""path"": ""cycles/cycle-2/stage6/C2-SYNTHESIS/PROOFS.md"", ""sha256"": ""3fd80e3e8079682bbc76c07012999b9e4c8a8064459f605eec79abcbdafc3ecc""}, {""path"": ""control/C2-TERMINAL-MAPPING-v1/OCCURRENCE-MAPPINGS.json"", ""sha256"": ""ca31f4f8fdceede529af5bd0ed91f83b793e32ff848ca52e9d34fab6bcfddf3d""}, {""path"": ""control/C2-TERMINAL-SEMANTIC-REVIEW-v1.json"", ""sha256"": ""be34293e15cb6a39d3e8606c0dd20dc6aef820d7547db86c93493783de61a2a4""}]",2,REQUIRES NEW AUTHORIZATION,"Preserve the exact registered statement, scope and premises. See CONTINUATION-HANDOFF.md for research priorities; inherited program obligations are not automatically assigned to a new experiment."
E993-G1-PRESCRIBED-RECOVERY-LIFT,OPEN,open_unresolved_no_formal_award,False,"For every finite ordinary forest F and integer recovery rank r with x(F)<r and Delta_r(F)>0, there is an ordinary handle tree T with residual isomorphic to F, x(T)=r+1 and Gamma<0 at p=r+2.",Universal prescribed forest/rank pair lifting; original neighborhoods and full graph/count transport.,[],"[{""path"": ""cycles/cycle-2/stage6/C2-SYNTHESIS/CLAIMS.json"", ""sha256"": ""781fbbf9c14f59a2eaf4d30ed7717a51a8ca1d663fc722d25c19b27d34028a12""}, {""path"": ""cycles/cycle-2/stage6/C2-SYNTHESIS/PROOFS.md"", ""sha256"": ""3fd80e3e8079682bbc76c07012999b9e4c8a8064459f605eec79abcbdafc3ecc""}, {""path"": ""control/C2-TERMINAL-MAPPING-v1/OCCURRENCE-MAPPINGS.json"", ""sha256"": ""ca31f4f8fdceede529af5bd0ed91f83b793e32ff848ca52e9d34fab6bcfddf3d""}, {""path"": ""control/C2-TERMINAL-SEMANTIC-REVIEW-v1.json"", ""sha256"": ""be34293e15cb6a39d3e8606c0dd20dc6aef820d7547db86c93493783de61a2a4""}]",2,REQUIRES NEW AUTHORIZATION,"Preserve the exact registered statement, scope and premises. See CONTINUATION-HANDOFF.md for research priorities; inherited program obligations are not automatically assigned to a new experiment."
E993-G1-PRESCRIBED-LIFT-IMPLIES-FOREST,CONDITIONAL,proved_informal_implication_only_surviving_premises_no_formal_award,False,"If the universal prescribed-recovery lift holds and ordinary G1 holds, then every ordinary finite forest is weakly unimodal.",Logical implication retaining both antecedents; uses the positive-difference size theorem.,"[""E993-G1-PRESCRIBED-RECOVERY-LIFT"", ""ordinary scope of E993-G1WIDE-NO-SIZE-CAP""]",[],0,REQUIRES NEW AUTHORIZATION,"Preserve the exact registered statement, scope and premises. See CONTINUATION-HANDOFF.md for research priorities; inherited program obligations are not automatically assigned to a new experiment."
E993-FOREST-IMPLIES-ORDINARY-G1,CONDITIONAL,proved_informal_implication_only_surviving_premises_no_formal_award,False,"If every finite ordinary forest is weakly unimodal, then every exact ordinary G1 tuple satisfies its residual sign; equivalently by contraposition, any ordinary G1 counterexample has a nonunimodal residual forest.",One-way conjecture implication; retains FOREST antecedent; no RTree representation conclusion.,"[""E993-TGT-FOREST""]","[{""path"": ""cycles/cycle-2/stage6/C2-SYNTHESIS/CLAIMS.json"", ""sha256"": ""781fbbf9c14f59a2eaf4d30ed7717a51a8ca1d663fc722d25c19b27d34028a12""}, {""path"": ""cycles/cycle-2/stage6/C2-SYNTHESIS/PROOFS.md"", ""sha256"": ""3fd80e3e8079682bbc76c07012999b9e4c8a8064459f605eec79abcbdafc3ecc""}, {""path"": ""control/C2-TERMINAL-MAPPING-v1/OCCURRENCE-MAPPINGS.json"", ""sha256"": ""ca31f4f8fdceede529af5bd0ed91f83b793e32ff848ca52e9d34fab6bcfddf3d""}, {""path"": ""control/C2-TERMINAL-SEMANTIC-REVIEW-v1.json"", ""sha256"": ""be34293e15cb6a39d3e8606c0dd20dc6aef820d7547db86c93493783de61a2a4""}]",0,REQUIRES NEW AUTHORIZATION,"Preserve the exact registered statement, scope and premises. See CONTINUATION-HANDOFF.md for research priorities; inherited program obligations are not automatically assigned to a new experiment."
E993-G1-NONTRS2-CORE-REDUCTION,CONDITIONAL,proved_informal_implication_only_surviving_premises_no_formal_award,False,"For an ordinary finite forest F, if the coefficient product of all its nonTRS2 component occurrences is weakly unimodal, then F is weakly unimodal and its differences are nonpositive at/after x; hence the original G1 target holds whenever U=F.",Pointwise conditional core theorem; empty core product is [1]; all LC factors have positive interval support; exact ordinary component counts required.,"[""The entire nonTRS2 component product is weakly unimodal.""]",[],0,REQUIRES NEW AUTHORIZATION,"Preserve the exact registered statement, scope and premises. See CONTINUATION-HANDOFF.md for research priorities; inherited program obligations are not automatically assigned to a new experiment."
E993-G1-ORDINARY-RTREE-TRANSPORT,OPEN,open_no_proof_no_formal_award,False,"Supply a complete representation and invariant-transport chain sufficient for the specific proposed ordinary/RTree G1 theorem transfer, including treehood, vertices/adjacency, independent-set counts, isomorphism, deletions, original neighborhoods, crossing and any K_A binder used.",Only the representation direction actually needed by a frozen target; no gratuitous universal two-way encoding requirement.,[],"[{""path"": ""cycles/cycle-2/stage6/C2-SYNTHESIS/CLAIMS.json"", ""sha256"": ""781fbbf9c14f59a2eaf4d30ed7717a51a8ca1d663fc722d25c19b27d34028a12""}, {""path"": ""cycles/cycle-2/stage6/C2-SYNTHESIS/PROOFS.md"", ""sha256"": ""3fd80e3e8079682bbc76c07012999b9e4c8a8064459f605eec79abcbdafc3ecc""}, {""path"": ""control/C2-TERMINAL-MAPPING-v1/OCCURRENCE-MAPPINGS.json"", ""sha256"": ""ca31f4f8fdceede529af5bd0ed91f83b793e32ff848ca52e9d34fab6bcfddf3d""}, {""path"": ""control/C2-TERMINAL-SEMANTIC-REVIEW-v1.json"", ""sha256"": ""be34293e15cb6a39d3e8606c0dd20dc6aef820d7547db86c93493783de61a2a4""}]",0,REQUIRES NEW AUTHORIZATION,"Preserve the exact registered statement, scope and premises. See CONTINUATION-HANDOFF.md for research priorities; inherited program obligations are not automatically assigned to a new experiment."
E993-RECOVERING-FOREST-MINIMALITY-DELETION,CONDITIONAL,proved_informal_implication_only_surviving_premises_no_formal_award,False,"If an ordinary finite forest F is minimum in vertex count among all recovering forests, then every recovery rank k satisfies k<max(x(F-a),x(F-N_F[a])+1) for every vertex a.","Minimal among all recovering forests, not only connected trees or ambient G1 examples.","[""Existence of a recovering forest and minimum order among all recovering forests.""]",[],0,REQUIRES NEW AUTHORIZATION,"Preserve the exact registered statement, scope and premises. See CONTINUATION-HANDOFF.md for research priorities; inherited program obligations are not automatically assigned to a new experiment."
E993-G1-MINIMUM-TREE-COUNTEREXAMPLE-MULTICORE,CONDITIONAL,proved_informal_implication_only_surviving_premises_no_formal_award,False,"If T is a minimum-order counterexample to ordinary TREE unimodality and T has a failing exact G1 tuple, its residual has at least two nonLC component occurrences.","Minimum among TREE counterexamples, plus a failing G1 tuple on that same tree.","[""Minimum-order TREE counterexample T."", ""A failing exact G1 tuple on T.""]",[],0,REQUIRES NEW AUTHORIZATION,"Preserve the exact registered statement, scope and premises. See CONTINUATION-HANDOFF.md for research priorities; inherited program obligations are not automatically assigned to a new experiment."
E993-G1-MINIMUM-TREE-K25-SIZE,CONDITIONAL,proved_informal_implication_only_surviving_premises_no_formal_award,False,"Under the preceding minimum-TREE and failing-G1 premises, and the additional ordinary K25 hypothesis that every tree of order<=25 is LC, |U|>=52 and |T|>=56.",Exact ordinary K25 conditional size bound; two components may share one gateway.,"[""Minimum-order TREE counterexample T with failing G1 tuple."", ""Ordinary K25.""]",[],0,REQUIRES NEW AUTHORIZATION,"Preserve the exact registered statement, scope and premises. See CONTINUATION-HANDOFF.md for research priorities; inherited program obligations are not automatically assigned to a new experiment."
E993-G1-MATCHING-COMPARATOR-SUFFICIENT,CONDITIONAL,proved_informal_implication_with_surviving_premises_no_formal_award,False,"For every finite ordinary graph U, every natural r>=0 and every actual matching of size m in U, writing n=|U| and P=(1+2z)^m*(1+z)^(n-2m), P_(r+1)<=P_r implies Delta_r(U)<=0. Apply r=p-2 to the exact ordinary G1 guards.",Conditional application of C2-P10; actual matching and nonpositive comparator step are both explicit. Past comparator degree counts vanish.,"[""A matching of size m is actually present in U."", ""For P=(1+2z)^m*(1+z)^(n-2m), P_(r+1)<=P_r at the tested rank."", ""This certifies a graph sign only when the numerical comparator condition holds; full G1 guards do not imply that condition.""]","[{""path"": ""cycles/cycle-2/stage6/C2-SYNTHESIS/CLAIMS.json"", ""sha256"": ""781fbbf9c14f59a2eaf4d30ed7717a51a8ca1d663fc722d25c19b27d34028a12""}, {""path"": ""cycles/cycle-2/stage6/C2-SYNTHESIS/PROOFS.md"", ""sha256"": ""3fd80e3e8079682bbc76c07012999b9e4c8a8064459f605eec79abcbdafc3ecc""}, {""path"": ""control/C2-TERMINAL-MAPPING-v1/OCCURRENCE-MAPPINGS.json"", ""sha256"": ""ca31f4f8fdceede529af5bd0ed91f83b793e32ff848ca52e9d34fab6bcfddf3d""}, {""path"": ""control/C2-TERMINAL-SEMANTIC-REVIEW-v1.json"", ""sha256"": ""be34293e15cb6a39d3e8606c0dd20dc6aef820d7547db86c93493783de61a2a4""}]",1,REQUIRES NEW AUTHORIZATION,"Preserve the exact registered statement, scope and premises. See CONTINUATION-HANDOFF.md for research priorities; inherited program obligations are not automatically assigned to a new experiment."
E993-ORDINARY-G1-IMPLIES-FOREST,OPEN,open_unresolved_no_formal_award,False,"If unrestricted ordinary G1 holds, then every ordinary finite forest is weakly unimodal.",Open converse direction to the registered FOREST=>G1 implication; does not assert either conjecture.,[],"[{""path"": ""cycles/cycle-2/stage6/C2-SYNTHESIS/CLAIMS.json"", ""sha256"": ""781fbbf9c14f59a2eaf4d30ed7717a51a8ca1d663fc722d25c19b27d34028a12""}, {""path"": ""cycles/cycle-2/stage6/C2-SYNTHESIS/PROOFS.md"", ""sha256"": ""3fd80e3e8079682bbc76c07012999b9e4c8a8064459f605eec79abcbdafc3ecc""}, {""path"": ""control/C2-TERMINAL-MAPPING-v1/OCCURRENCE-MAPPINGS.json"", ""sha256"": ""ca31f4f8fdceede529af5bd0ed91f83b793e32ff848ca52e9d34fab6bcfddf3d""}, {""path"": ""control/C2-TERMINAL-SEMANTIC-REVIEW-v1.json"", ""sha256"": ""be34293e15cb6a39d3e8606c0dd20dc6aef820d7547db86c93493783de61a2a4""}]",3,REQUIRES NEW AUTHORIZATION,"Preserve the exact registered statement, scope and premises. See CONTINUATION-HANDOFF.md for research priorities; inherited program obligations are not automatically assigned to a new experiment."
E993-G1-VARYING-POWER-FAMILY-EMBEDDING,OPEN,open_unresolved_no_formal_award,False,"For every positive integer k there exists an exact ordinary G1 tuple whose residual U is isomorphic to the disjoint union of k copies of B_(k+6), where B_a has a center joined to three hubs each carrying a pendant two-edge arms.","Existence of all original handle and numerical guards with p=x(T)+1; no target-sign conclusion asserted and no prescribed ambient order or fixed wrapper assumed. Finite k1,2,3,5,8 examples alone do not prove this quantifier.",[],"[{""path"": ""cycles/cycle-2/stage6/C2-SYNTHESIS/CLAIMS.json"", ""sha256"": ""781fbbf9c14f59a2eaf4d30ed7717a51a8ca1d663fc722d25c19b27d34028a12""}, {""path"": ""cycles/cycle-2/stage6/C2-SYNTHESIS/PROOFS.md"", ""sha256"": ""3fd80e3e8079682bbc76c07012999b9e4c8a8064459f605eec79abcbdafc3ecc""}, {""path"": ""control/C2-TERMINAL-MAPPING-v1/OCCURRENCE-MAPPINGS.json"", ""sha256"": ""ca31f4f8fdceede529af5bd0ed91f83b793e32ff848ca52e9d34fab6bcfddf3d""}, {""path"": ""control/C2-TERMINAL-SEMANTIC-REVIEW-v1.json"", ""sha256"": ""be34293e15cb6a39d3e8606c0dd20dc6aef820d7547db86c93493783de61a2a4""}]",1,REQUIRES NEW AUTHORIZATION,"Preserve the exact registered statement, scope and premises. See CONTINUATION-HANDOFF.md for research priorities; inherited program obligations are not automatically assigned to a new experiment."
E993-GRAPH-SINGLE-RANK-DELETION-SUFFICIENT,CONDITIONAL,proved_informal_implication_with_surviving_premises_no_formal_award,False,"At q=p-2, any residual vertex a satisfying Delta_q(U-a)<=0 and Delta_(q-1)(U-N_U[a])<=0 certifies Delta_q(U)<=0.","Every finite ordinary graph with integer zero extension; conditional application to exact ordinary G1 tuples. Only the displayed ranks, not full tails.","[""An actual residual vertex a is chosen; no universal selection theorem is assumed."", ""At the single rank q=p-2, Delta_q(U-a)<=0 and Delta_(q-1)(U-N_U[a])<=0."", ""For a G1 application every original ordinary tuple guard remains present; no RTree transfer.""]","[{""path"": ""cycles/cycle-2/stage6/C2-SYNTHESIS/CLAIMS.json"", ""sha256"": ""781fbbf9c14f59a2eaf4d30ed7717a51a8ca1d663fc722d25c19b27d34028a12""}, {""path"": ""cycles/cycle-2/stage6/C2-SYNTHESIS/PROOFS.md"", ""sha256"": ""3fd80e3e8079682bbc76c07012999b9e4c8a8064459f605eec79abcbdafc3ecc""}, {""path"": ""control/C2-TERMINAL-MAPPING-v1/OCCURRENCE-MAPPINGS.json"", ""sha256"": ""ca31f4f8fdceede529af5bd0ed91f83b793e32ff848ca52e9d34fab6bcfddf3d""}, {""path"": ""control/C2-TERMINAL-SEMANTIC-REVIEW-v1.json"", ""sha256"": ""be34293e15cb6a39d3e8606c0dd20dc6aef820d7547db86c93493783de61a2a4""}]",4,REQUIRES NEW AUTHORIZATION,"Preserve the exact registered statement, scope and premises. See CONTINUATION-HANDOFF.md for research priorities; inherited program obligations are not automatically assigned to a new experiment."
E993-G1-COMMON-CONNECTOR-LIFT-SUFFICIENT,CONDITIONAL,proved_informal_implication_with_surviving_premises_no_formal_award,False,"For a recovering ordinary forest F at rank r, choose one root per component and put B=I(F), C=I(F-R). The common-connector tree has residual F and is a full G1 counterexample at p=r+2 whenever the explicit history L_k>=0 for 0<=k<=r, L_(r+1)<0, and explicit ambient expression G_r<0 given in REPORT.md hold.",Ordinary finite nonempty forests and the specified common-connector construction; sufficient root-profile inequalities retained verbatim; no assertion that a successful root set exists.,"[""F is a nonempty ordinary forest recovering at r: x(F)<r and Delta_r(F)>0."", ""Choose exactly one root from every component; R is that root set, B=I(F), C=I(F-R)."", ""For EVERY integer k with 0<=k<=r, L_k>=0; also L_(r+1)<0 and G_r<0."", ""L_k=Delta_k(B)+3*Delta_(k-1)(B)+Delta_(k-2)(B)+Delta_(k-1)(C)+2*Delta_(k-2)(C)."", ""G_r=Delta_(r+2)(B)+2*Delta_(r+1)(B)+Delta_(r+1)(C)+Delta_r(C)."", ""No theorem that a successful root set exists is admitted.""]","[{""path"": ""cycles/cycle-2/stage6/C2-SYNTHESIS/CLAIMS.json"", ""sha256"": ""781fbbf9c14f59a2eaf4d30ed7717a51a8ca1d663fc722d25c19b27d34028a12""}, {""path"": ""cycles/cycle-2/stage6/C2-SYNTHESIS/PROOFS.md"", ""sha256"": ""3fd80e3e8079682bbc76c07012999b9e4c8a8064459f605eec79abcbdafc3ecc""}, {""path"": ""control/C2-TERMINAL-MAPPING-v1/OCCURRENCE-MAPPINGS.json"", ""sha256"": ""ca31f4f8fdceede529af5bd0ed91f83b793e32ff848ca52e9d34fab6bcfddf3d""}, {""path"": ""control/C2-TERMINAL-SEMANTIC-REVIEW-v1.json"", ""sha256"": ""be34293e15cb6a39d3e8606c0dd20dc6aef820d7547db86c93493783de61a2a4""}]",2,REQUIRES NEW AUTHORIZATION,"Preserve the exact registered statement, scope and premises. See CONTINUATION-HANDOFF.md for research priorities; inherited program obligations are not automatically assigned to a new experiment."
E993-G1-MINIMAL-CANONICAL-LIFT-IMPLIES-FOREST,CONDITIONAL,proved_informal_implication_with_surviving_premises_no_formal_award,False,"If every minimum-order recovering ordinary forest has some recovery rank and one root per component satisfying the common-connector lift certificate, then unrestricted ordinary G1 implies FOREST.",Conditional logical implication over minimum-order recovering forests only; the minimal canonical-lift premise remains unproved; no RTree scope.,"[""E993-G1-MINIMAL-CANONICAL-RECOVERY-LIFT: EVERY minimum-order recovering ordinary forest admits SOME recovery rank and one root per component satisfying the full common-connector certificate. This premise remains OPEN."", ""Unrestricted ordinary G1 holds (the ordinary scope of E993-G1WIDE-NO-SIZE-CAP), if concluding FOREST."", ""No arbitrary prescribed-pair/canonical-lift equivalence or strict weakness is established; no RTree transport.""]","[{""path"": ""cycles/cycle-2/stage6/C2-SYNTHESIS/CLAIMS.json"", ""sha256"": ""781fbbf9c14f59a2eaf4d30ed7717a51a8ca1d663fc722d25c19b27d34028a12""}, {""path"": ""cycles/cycle-2/stage6/C2-SYNTHESIS/PROOFS.md"", ""sha256"": ""3fd80e3e8079682bbc76c07012999b9e4c8a8064459f605eec79abcbdafc3ecc""}, {""path"": ""control/C2-TERMINAL-MAPPING-v1/OCCURRENCE-MAPPINGS.json"", ""sha256"": ""ca31f4f8fdceede529af5bd0ed91f83b793e32ff848ca52e9d34fab6bcfddf3d""}, {""path"": ""control/C2-TERMINAL-SEMANTIC-REVIEW-v1.json"", ""sha256"": ""be34293e15cb6a39d3e8606c0dd20dc6aef820d7547db86c93493783de61a2a4""}]",1,REQUIRES NEW AUTHORIZATION,"Preserve the exact registered statement, scope and premises. See CONTINUATION-HANDOFF.md for research priorities; inherited program obligations are not automatically assigned to a new experiment."
E993-RECOVERING-FOREST-MINIMUM-COMPONENT-DICHOTOMY,CONDITIONAL,proved_informal_implication_with_surviving_premises_no_formal_award,False,"A minimum-order recovering ordinary forest is either a connected nonunimodal tree, or it has at least two components and every component is individually unimodal but nonTRS2.",Hypothetical minimum by vertex count among all recovering finite ordinary forests; conditional on existence; component TRS2 has its admitted positive-interval meaning.,"[""F is a hypothetical minimum by vertex count among all recovering ordinary forests."", ""A minimum is used only conditional on existence of a recovering forest; none is exhibited."", ""Component TRS2 uses the positive-interval-support meaning and the admitted LC-times-unimodal theorem, not false weak-nonpositive convolution persistence.""]","[{""path"": ""cycles/cycle-2/stage6/C2-SYNTHESIS/CLAIMS.json"", ""sha256"": ""781fbbf9c14f59a2eaf4d30ed7717a51a8ca1d663fc722d25c19b27d34028a12""}, {""path"": ""cycles/cycle-2/stage6/C2-SYNTHESIS/PROOFS.md"", ""sha256"": ""3fd80e3e8079682bbc76c07012999b9e4c8a8064459f605eec79abcbdafc3ecc""}, {""path"": ""control/C2-TERMINAL-MAPPING-v1/OCCURRENCE-MAPPINGS.json"", ""sha256"": ""ca31f4f8fdceede529af5bd0ed91f83b793e32ff848ca52e9d34fab6bcfddf3d""}, {""path"": ""control/C2-TERMINAL-SEMANTIC-REVIEW-v1.json"", ""sha256"": ""be34293e15cb6a39d3e8606c0dd20dc6aef820d7547db86c93493783de61a2a4""}]",1,REQUIRES NEW AUTHORIZATION,"Preserve the exact registered statement, scope and premises. See CONTINUATION-HANDOFF.md for research priorities; inherited program obligations are not automatically assigned to a new experiment."
E993-G1-MINIMAL-CANONICAL-RECOVERY-LIFT,OPEN,open_unresolved_no_formal_award,False,Every minimum-order recovering finite ordinary forest F admits some recovery rank r and one root in each component such that the common-connector tree has x(T)=r+1 and Gamma<0 at p=r+2.,"Unproved root-profile premise used by C2-U2. The wrapper is restricted to a single common connector and a three-edge handle, with no added bare leaves. Smaller domain and restricted codomain do not establish logical weakness relative to arbitrary prescribed-pair lifting.",[],"[{""path"": ""cycles/cycle-2/stage6/C2-SYNTHESIS/CLAIMS.json"", ""sha256"": ""781fbbf9c14f59a2eaf4d30ed7717a51a8ca1d663fc722d25c19b27d34028a12""}, {""path"": ""cycles/cycle-2/stage6/C2-SYNTHESIS/PROOFS.md"", ""sha256"": ""3fd80e3e8079682bbc76c07012999b9e4c8a8064459f605eec79abcbdafc3ecc""}, {""path"": ""control/C2-TERMINAL-MAPPING-v1/OCCURRENCE-MAPPINGS.json"", ""sha256"": ""ca31f4f8fdceede529af5bd0ed91f83b793e32ff848ca52e9d34fab6bcfddf3d""}, {""path"": ""control/C2-TERMINAL-SEMANTIC-REVIEW-v1.json"", ""sha256"": ""be34293e15cb6a39d3e8606c0dd20dc6aef820d7547db86c93493783de61a2a4""}]",2,REQUIRES NEW AUTHORIZATION,"Preserve the exact registered statement, scope and premises. See CONTINUATION-HANDOFF.md for research priorities; inherited program obligations are not automatically assigned to a new experiment."
E993-G1-EXISTENTIAL-SINGLE-RANK-DELETION,OPEN,open_unresolved_no_formal_award,False,"For every exact ordinary G1 tuple, setting r=p-2 and U to its original-neighborhood residual, there exists a vertex a of U such that Delta_r(U-a)<=0 and Delta_(r-1)(U-N_U[a])<=0.","Every finite ordinary G1 tree tuple with the full frozen guards. Only the two displayed ranks; neither prescribed-root nor all-vertex quantification, and no full-tail premise.",[],"[{""path"": ""cycles/cycle-2/stage6/C2-SYNTHESIS/CLAIMS.json"", ""sha256"": ""781fbbf9c14f59a2eaf4d30ed7717a51a8ca1d663fc722d25c19b27d34028a12""}, {""path"": ""cycles/cycle-2/stage6/C2-SYNTHESIS/PROOFS.md"", ""sha256"": ""3fd80e3e8079682bbc76c07012999b9e4c8a8064459f605eec79abcbdafc3ecc""}, {""path"": ""control/C2-TERMINAL-MAPPING-v1/OCCURRENCE-MAPPINGS.json"", ""sha256"": ""ca31f4f8fdceede529af5bd0ed91f83b793e32ff848ca52e9d34fab6bcfddf3d""}, {""path"": ""control/C2-TERMINAL-SEMANTIC-REVIEW-v1.json"", ""sha256"": ""be34293e15cb6a39d3e8606c0dd20dc6aef820d7547db86c93493783de61a2a4""}]",4,REQUIRES NEW AUTHORIZATION,"Preserve the exact registered statement, scope and premises. See CONTINUATION-HANDOFF.md for research priorities; inherited program obligations are not automatically assigned to a new experiment."
E993-G1-COUNTEREXAMPLE-PGE6-RESIDUAL-GE2P,CONDITIONAL,proved_informal_implication_with_surviving_premises_no_formal_award,False,"For every exact ordinary G1 tuple (T,v,s,g,p,U), if Delta_(p-2)(U)>0, then p>=6 and |U|>=2p.","Necessary region for a hypothetical ordinary G1 counterexample only. Uses inherited C1 p<=5 exclusion and the C2 first/second wide bands, including the second band's admitted literature dependency. Does not assert a counterexample exists.","[""Every original ordinary G1 handle, Gamma, size and strict first-descent guard holds."", ""The same tuple has positive target Delta_(p-2)(U)>0; existence is not asserted.""]","[{""path"": ""cycles/cycle-2/stage6/C2-SYNTHESIS/CLAIMS.json"", ""sha256"": ""781fbbf9c14f59a2eaf4d30ed7717a51a8ca1d663fc722d25c19b27d34028a12""}, {""path"": ""cycles/cycle-2/stage6/C2-SYNTHESIS/PROOFS.md"", ""sha256"": ""3fd80e3e8079682bbc76c07012999b9e4c8a8064459f605eec79abcbdafc3ecc""}, {""path"": ""control/C2-TERMINAL-MAPPING-v1/OCCURRENCE-MAPPINGS.json"", ""sha256"": ""ca31f4f8fdceede529af5bd0ed91f83b793e32ff848ca52e9d34fab6bcfddf3d""}, {""path"": ""control/C2-TERMINAL-SEMANTIC-REVIEW-v1.json"", ""sha256"": ""be34293e15cb6a39d3e8606c0dd20dc6aef820d7547db86c93493783de61a2a4""}]",1,REQUIRES NEW AUTHORIZATION,"Preserve the exact registered statement, scope and premises. See CONTINUATION-HANDOFF.md for research priorities; inherited program obligations are not automatically assigned to a new experiment."
E993-G1-RANK-SCALED-MARGIN-FACTOR1,OPEN,controller_proof_proposal_pending_independent_C3_review,False,"For every full ordinary G1 tuple with a_r=i_r(U)>0, (r+1)*(-Delta_r(U))>=a_r.","A finite ordinary tree T with distinct leaf v, degree-two support s, other neighbor g; A=T-{v,s}, H=A-g, U=A-N_A[g]=T-(N_T[v] union N_T[g]); p=x(T)+1>=3, r=p-2, Gamma=Delta_p(A)+Delta_(p-1)(H)<0, |U|>2p-3=2r+1, and x(U)<r. This is a rank-dependent lower bound on the unscaled relative gap, with factor 1/(r+1).",[],[],3,REQUIRES NEW AUTHORIZATION,"Preserve the exact registered statement, scope and premises. See CONTINUATION-HANDOFF.md for research priorities; inherited program obligations are not automatically assigned to a new experiment."
E993-GRAPH-SR2-MARGINAL-SUM-BOUNDS,CONDITIONAL,proved_informal_implication_with_surviving_premises_no_formal_award,False,"For every finite simple graph F and natural r>=0, if D=Delta_r(F)<0, a_r>0, n>=r+1, and (r+1)*(-D)>=a_r, then sum_v B_v<=0 and sum_v A_v<0.",Conditional sum bounds only; n>=r+1 ensures a nonempty graph in this statement. No common vertex is asserted.,"[""For every finite simple graph F and natural r>=0, if D=Delta_r(F)<0, a_r>0, n>=r+1, and (r+1)*(-D)>=a_r, then sum_v B_v<=0 and sum_v A_v<0."", ""Conditional sum bounds only; n>=r+1 ensures a nonempty graph in this statement. No common vertex is asserted.""]","[{""path"": ""cycles/cycle-3/stage6/C3-SYNTHESIS/CLAIMS.json"", ""sha256"": ""00ff9ed1decfe8b1793c92ca9dd34e727e7f8bcdd0171471a124b2319218b387""}, {""path"": ""cycles/cycle-3/stage6/C3-SYNTHESIS/PROOFS.md"", ""sha256"": ""4dd97736cd5a7d9118011b0d242bc18c013457910d1f734a7ac0c566e9cdf17d""}, {""path"": ""cycles/cycle-3/stage6/C3-SYNTHESIS/RECONCILIATION.json"", ""sha256"": ""5d712542b170ff03306a7523bcf5705c851af3f09a011b19ba11ea1d87c1c95f""}]",3,REQUIRES NEW AUTHORIZATION,"Preserve the exact registered statement, scope and premises. See CONTINUATION-HANDOFF.md for research priorities; inherited program obligations are not automatically assigned to a new experiment."
E993-FOREST-EARLIER-DESCENT-NEGATIVE-TARGET-IMPLIES-SR2,OPEN,controller_proof_proposal_pending_independent_C3_review,False,"For every finite ordinary forest F and natural r>=1, x(F)<r and Delta_r(F)<0 imply the existence of v with Delta_r(F-v)<=0 and Delta_(r-1)(F-N_F[v])<=0.","The earlier-descent strengthening explicitly mentioned by the correction, without adding an unstated ambient or size guard. Any further width-restricted variant must receive a separate statement.",[],[],3,REQUIRES NEW AUTHORIZATION,"Preserve the exact registered statement, scope and premises. See CONTINUATION-HANDOFF.md for research priorities; inherited program obligations are not automatically assigned to a new experiment."
E993-R23-ORDINARY-FAVORABLE-LEAF-AGGREGATE,OPEN,imported_terminal_open_target_no_premise_admission,False,"For every finite ordinary tree T and every natural p>=x(T)+2, sum over all favorable ORIGINAL leaves v, defined by Delta_p(T-v)<0, of [Delta_(p-1)(T-{v,s_v})-Delta_(p-1)(T-N_T[s_v])]<=0.",Literal ordinary-tree aggregate. Each original leaf is a distinct tag even when supports coincide; higher-degree supports are included; the empty favorable set has sum zero.,[],[],1,REQUIRES NEW AUTHORIZATION,"Preserve the exact registered statement, scope and premises. See CONTINUATION-HANDOFF.md for research priorities; inherited program obligations are not automatically assigned to a new experiment."
E993-C3-SELECTED-SUBSET-AVERAGE-SR2-BRIDGE,CONDITIONAL,proved_informal_implication_with_surviving_premises_no_formal_award,False,"For a finite simple graph F, integer r, and nonempty L subset V(F), if Delta_r(F-v)<=0 for every v in L and sum_{v in L} Delta_(r-1)(F-N[v])<=0, then some v in L has both channels nonpositive and Delta_r(F)<=0.","Every finite simple graph, every integer r, and every nonempty selected vertex subset L; exact integer zero extension.","[""For a finite simple graph F, integer r, and nonempty L subset V(F), if Delta_r(F-v)<=0 for every v in L and sum_{v in L} Delta_(r-1)(F-N[v])<=0, then some v in L has both channels nonpositive and Delta_r(F)<=0."", ""Every finite simple graph, every integer r, and every nonempty selected vertex subset L; exact integer zero extension.""]","[{""path"": ""cycles/cycle-3/stage6/C3-SYNTHESIS/CLAIMS.json"", ""sha256"": ""00ff9ed1decfe8b1793c92ca9dd34e727e7f8bcdd0171471a124b2319218b387""}, {""path"": ""cycles/cycle-3/stage6/C3-SYNTHESIS/PROOFS.md"", ""sha256"": ""4dd97736cd5a7d9118011b0d242bc18c013457910d1f734a7ac0c566e9cdf17d""}, {""path"": ""cycles/cycle-3/stage6/C3-SYNTHESIS/RECONCILIATION.json"", ""sha256"": ""5d712542b170ff03306a7523bcf5705c851af3f09a011b19ba11ea1d87c1c95f""}]",1,REQUIRES NEW AUTHORIZATION,"Preserve the exact registered statement, scope and premises. See CONTINUATION-HANDOFF.md for research priorities; inherited program obligations are not automatically assigned to a new experiment."
E993-C3-G1-TERMINAL-AVERAGE-SLICE,CONDITIONAL,proved_informal_implication_with_surviving_premises_no_formal_award,False,Every full ordinary G1 tuple satisfies its target if every degree-at-most-one residual vertex u has Delta_r(U-u)<=0 and the sum over those u of Delta_(r-1)(U-N_U[u]) is nonpositive.,"Full frozen ordinary G1 tuple, original neighborhoods and r=p-2 retained; the two displayed terminal conditions are additional hypotheses; no RTree transport.","[""Every full ordinary G1 tuple satisfies its target if every degree-at-most-one residual vertex u has Delta_r(U-u)<=0 and the sum over those u of Delta_(r-1)(U-N_U[u]) is nonpositive."", ""Full frozen ordinary G1 tuple, original neighborhoods and r=p-2 retained; the two displayed terminal conditions are additional hypotheses; no RTree transport.""]","[{""path"": ""cycles/cycle-3/stage6/C3-SYNTHESIS/CLAIMS.json"", ""sha256"": ""00ff9ed1decfe8b1793c92ca9dd34e727e7f8bcdd0171471a124b2319218b387""}, {""path"": ""cycles/cycle-3/stage6/C3-SYNTHESIS/PROOFS.md"", ""sha256"": ""4dd97736cd5a7d9118011b0d242bc18c013457910d1f734a7ac0c566e9cdf17d""}, {""path"": ""cycles/cycle-3/stage6/C3-SYNTHESIS/RECONCILIATION.json"", ""sha256"": ""5d712542b170ff03306a7523bcf5705c851af3f09a011b19ba11ea1d87c1c95f""}]",1,REQUIRES NEW AUTHORIZATION,"Preserve the exact registered statement, scope and premises. See CONTINUATION-HANDOFF.md for research priorities; inherited program obligations are not automatically assigned to a new experiment."
E993-C3-PADDED-CONNECTOR-LIFT-CERTIFICATE,CONDITIONAL,proved_informal_implication_with_surviving_premises_no_formal_award,False,"For any h>=0, adding h new leaves at g in the common-connector tree preserves residual F and gives H_h=(1+z)^h(B+zC), A_h=H_h+zB, and T_h=(1+2z)H_h+z(1+z)B; recovery at r plus the displayed complete J history and Gamma_(h,r)<0 yields a full ordinary G1 counterexample at p=r+2.","Ordinary finite nonempty forests, one root per component, explicit b-g-s-v handle, exactly h additional g-leaves, integer ranks r>=1; implication only; no RTree transport.","[""For any h>=0, adding h new leaves at g in the common-connector tree preserves residual F and gives H_h=(1+z)^h(B+zC), A_h=H_h+zB, and T_h=(1+2z)H_h+z(1+z)B; recovery at r plus the displayed complete J history and Gamma_(h,r)<0 yields a full ordinary G1 counterexample at p=r+2."", ""Ordinary finite nonempty forests, one root per component, explicit b-g-s-v handle, exactly h additional g-leaves, integer ranks r>=1; implication only; no RTree transport.""]","[{""path"": ""cycles/cycle-3/stage6/C3-SYNTHESIS/CLAIMS.json"", ""sha256"": ""00ff9ed1decfe8b1793c92ca9dd34e727e7f8bcdd0171471a124b2319218b387""}, {""path"": ""cycles/cycle-3/stage6/C3-SYNTHESIS/PROOFS.md"", ""sha256"": ""4dd97736cd5a7d9118011b0d242bc18c013457910d1f734a7ac0c566e9cdf17d""}, {""path"": ""cycles/cycle-3/stage6/C3-SYNTHESIS/RECONCILIATION.json"", ""sha256"": ""5d712542b170ff03306a7523bcf5705c851af3f09a011b19ba11ea1d87c1c95f""}]",1,REQUIRES NEW AUTHORIZATION,"Preserve the exact registered statement, scope and premises. See CONTINUATION-HANDOFF.md for research priorities; inherited program obligations are not automatically assigned to a new experiment."
E993-C3-RECOVERY-RESTRICTED-UNBOUNDED-PADDING-RESCUE,OPEN,open_unresolved_no_formal_award,False,"For every fixed recovering forest/rank/root tuple, arbitrarily large numbers of added gateway leaves can retain x(T_h)=r+1 and hence rescue the same lift.","Positive universal mechanism claim for the explicit g-leaf padded common-connector family; fixed F,r,R with h unbounded.",[],"[{""path"": ""cycles/cycle-3/stage6/C3-SYNTHESIS/CLAIMS.json"", ""sha256"": ""00ff9ed1decfe8b1793c92ca9dd34e727e7f8bcdd0171471a124b2319218b387""}, {""path"": ""cycles/cycle-3/stage6/C3-SYNTHESIS/PROOFS.md"", ""sha256"": ""4dd97736cd5a7d9118011b0d242bc18c013457910d1f734a7ac0c566e9cdf17d""}, {""path"": ""cycles/cycle-3/stage6/C3-SYNTHESIS/RECONCILIATION.json"", ""sha256"": ""5d712542b170ff03306a7523bcf5705c851af3f09a011b19ba11ea1d87c1c95f""}]",1,REQUIRES NEW AUTHORIZATION,"Preserve the exact registered statement, scope and premises. See CONTINUATION-HANDOFF.md for research priorities; inherited program obligations are not automatically assigned to a new experiment."
E993-C3-ROOT-AVERAGE-RECOVERY-LIFT-SUFFICIENT,CONDITIONAL,proved_informal_implication_with_surviving_premises_no_formal_award,False,"For forest components F_i of orders n_i, let S_i=sum_j(n_i-j)i_j(F_i)z^j, Q=product_i S_i and M=product_i n_i. Across all one-root-per-component tuples, sum Gamma_(h,r)=Delta_(r+2)(mathcal H_h)+Delta_(r+1)(mathcal H_h)+M Delta_(r+1)(B), where mathcal H_h=(1+z)^h(MB+zQ). If F recovers at r, a negative sum plus valid J history for every root tuple guarantees a successful full-G1 lift root tuple.","All ordinary finite nonempty forests, all h>=0 and integer r>=1; sufficient criterion with explicit uniform-history premise; component-polynomial identity. Recovery x(F)<r and Delta_r(F)>0 is explicitly required for the full-G1 counterexample consequence, but not the identity.","[""For forest components F_i of orders n_i, let S_i=sum_j(n_i-j)i_j(F_i)z^j, Q=product_i S_i and M=product_i n_i. Across all one-root-per-component tuples, sum Gamma_(h,r)=Delta_(r+2)(mathcal H_h)+Delta_(r+1)(mathcal H_h)+M Delta_(r+1)(B), where mathcal H_h=(1+z)^h(MB+zQ). If F recovers at r, a negative sum plus valid J history for every root tuple guarantees a successful full-G1 lift root tuple."", ""All ordinary finite nonempty forests, all h>=0 and integer r>=1; sufficient criterion with explicit uniform-history premise; component-polynomial identity. Recovery x(F)<r and Delta_r(F)>0 is explicitly required for the full-G1 counterexample consequence, but not the identity.""]","[{""path"": ""cycles/cycle-3/stage6/C3-SYNTHESIS/CLAIMS.json"", ""sha256"": ""00ff9ed1decfe8b1793c92ca9dd34e727e7f8bcdd0171471a124b2319218b387""}, {""path"": ""cycles/cycle-3/stage6/C3-SYNTHESIS/PROOFS.md"", ""sha256"": ""4dd97736cd5a7d9118011b0d242bc18c013457910d1f734a7ac0c566e9cdf17d""}, {""path"": ""cycles/cycle-3/stage6/C3-SYNTHESIS/RECONCILIATION.json"", ""sha256"": ""5d712542b170ff03306a7523bcf5705c851af3f09a011b19ba11ea1d87c1c95f""}]",1,REQUIRES NEW AUTHORIZATION,"Preserve the exact registered statement, scope and premises. See CONTINUATION-HANDOFF.md for research priorities; inherited program obligations are not automatically assigned to a new experiment."
E993-C3-SR2-DIAMETER-SELECTOR,CONDITIONAL,proved_informal_implication_with_surviving_premises_no_formal_award,False,"Let F be a finite simple graph on n vertices and r be natural. If D=Delta_r(F)<0, i_r(F)>0, n>=r+1, (r+1)(-D)>=i_r(F), and max_v B_v-min_v B_v<=1-D, then some vertex v satisfies A_v<=0 and B_v<=0. If no such vertex exists, both B_v<=D-1 and B_w>=1 occur and max B-min B>=2-D.",Finite ordinary simple graphs with the displayed factor-one and rooted-channel-diameter premises; no claim that the diameter premise holds universally for forests or G1.,"[""Let F be a finite simple graph on n vertices and r be natural. If D=Delta_r(F)<0, i_r(F)>0, n>=r+1, (r+1)(-D)>=i_r(F), and max_v B_v-min_v B_v<=1-D, then some vertex v satisfies A_v<=0 and B_v<=0. If no such vertex exists, both B_v<=D-1 and B_w>=1 occur and max B-min B>=2-D."", ""Finite ordinary simple graphs with the displayed factor-one and rooted-channel-diameter premises; no claim that the diameter premise holds universally for forests or G1.""]","[{""path"": ""cycles/cycle-3/stage6/C3-SYNTHESIS/CLAIMS.json"", ""sha256"": ""00ff9ed1decfe8b1793c92ca9dd34e727e7f8bcdd0171471a124b2319218b387""}, {""path"": ""cycles/cycle-3/stage6/C3-SYNTHESIS/PROOFS.md"", ""sha256"": ""4dd97736cd5a7d9118011b0d242bc18c013457910d1f734a7ac0c566e9cdf17d""}, {""path"": ""cycles/cycle-3/stage6/C3-SYNTHESIS/RECONCILIATION.json"", ""sha256"": ""5d712542b170ff03306a7523bcf5705c851af3f09a011b19ba11ea1d87c1c95f""}]",1,REQUIRES NEW AUTHORIZATION,"Preserve the exact registered statement, scope and premises. See CONTINUATION-HANDOFF.md for research priorities; inherited program obligations are not automatically assigned to a new experiment."
E993-C3-FACTOR1-IMPLIES-ORDINARY-G1,CONDITIONAL,proved_informal_implication_with_surviving_premises_no_formal_award,False,"If the universal full-ordinary-G1 factor-one bound holds on every row with i_r(U)>0, then every full ordinary G1 tuple has Delta_r(U)<=0; rows with i_r(U)=0 already have i_(r+1)(U)=0 and target zero.","Logical implication between universal ordinary-G1 statements; all original guards retained, r=p-2>=1; no RTree transport and no proof of the antecedent.","[""If the universal full-ordinary-G1 factor-one bound holds on every row with i_r(U)>0, then every full ordinary G1 tuple has Delta_r(U)<=0; rows with i_r(U)=0 already have i_(r+1)(U)=0 and target zero."", ""Logical implication between universal ordinary-G1 statements; all original guards retained, r=p-2>=1; no RTree transport and no proof of the antecedent.""]","[{""path"": ""cycles/cycle-3/stage6/C3-SYNTHESIS/CLAIMS.json"", ""sha256"": ""00ff9ed1decfe8b1793c92ca9dd34e727e7f8bcdd0171471a124b2319218b387""}, {""path"": ""cycles/cycle-3/stage6/C3-SYNTHESIS/PROOFS.md"", ""sha256"": ""4dd97736cd5a7d9118011b0d242bc18c013457910d1f734a7ac0c566e9cdf17d""}, {""path"": ""cycles/cycle-3/stage6/C3-SYNTHESIS/RECONCILIATION.json"", ""sha256"": ""5d712542b170ff03306a7523bcf5705c851af3f09a011b19ba11ea1d87c1c95f""}]",2,REQUIRES NEW AUTHORIZATION,"Preserve the exact registered statement, scope and premises. See CONTINUATION-HANDOFF.md for research priorities; inherited program obligations are not automatically assigned to a new experiment."
E993-C3-ALIGN-IMPLIES-SR2-AND-G1,CONDITIONAL,proved_informal_implication_with_surviving_premises_no_formal_award,False,"For an exact ordinary G1 tuple and one vertex a of U, max(tau(U-a),tau(U-N_U[a])+1)<=r implies the two nonpositive rank-r and rank-(r-1) deletion channels at that same a; hence existential ALIGN implies existential SR2 and the G1 sign.","One-way implication at exact ordinary-G1 scope; no converse, strict separation, prescribed-root assertion, or RTree scope.","[""For an exact ordinary G1 tuple and one vertex a of U, max(tau(U-a),tau(U-N_U[a])+1)<=r implies the two nonpositive rank-r and rank-(r-1) deletion channels at that same a; hence existential ALIGN implies existential SR2 and the G1 sign."", ""One-way implication at exact ordinary-G1 scope; no converse, strict separation, prescribed-root assertion, or RTree scope.""]","[{""path"": ""cycles/cycle-3/stage6/C3-SYNTHESIS/CLAIMS.json"", ""sha256"": ""00ff9ed1decfe8b1793c92ca9dd34e727e7f8bcdd0171471a124b2319218b387""}, {""path"": ""cycles/cycle-3/stage6/C3-SYNTHESIS/PROOFS.md"", ""sha256"": ""4dd97736cd5a7d9118011b0d242bc18c013457910d1f734a7ac0c566e9cdf17d""}, {""path"": ""cycles/cycle-3/stage6/C3-SYNTHESIS/RECONCILIATION.json"", ""sha256"": ""5d712542b170ff03306a7523bcf5705c851af3f09a011b19ba11ea1d87c1c95f""}]",2,REQUIRES NEW AUTHORIZATION,"Preserve the exact registered statement, scope and premises. See CONTINUATION-HANDOFF.md for research priorities; inherited program obligations are not automatically assigned to a new experiment."
E993-C3-G1-NECESSARY-COUNTEREXAMPLE-REGION,CONDITIONAL,mixed_formal_C1_C2_C3_and_source_dependent_informal_second_wide_and_path_forest_no_new_formal_award,False,"Every counterexample to the exact unrestricted ordinary G1 target has p>=6, |U|>=2p+1, maxdegree(U)>=3, and a strict recovery of its actual residual independence coefficients from x(U) to r=p-2.","Necessary conditions on actual finite ordinary G1 tree tuples only. No existence, sufficiency, RTree transport, or new formal award. The size/rank exclusion retains the inherited informal second-wide dependency.","[""Every counterexample to the exact unrestricted ordinary G1 target has p>=6, |U|>=2p+1, maxdegree(U)>=3, and a strict recovery of its actual residual independence coefficients from x(U) to r=p-2."", ""Necessary conditions on actual finite ordinary G1 tree tuples only. No existence, sufficiency, RTree transport, or new formal award. The size/rank exclusion retains the inherited informal second-wide dependency.""]","[{""path"": ""cycles/cycle-3/stage6/C3-SYNTHESIS/CLAIMS.json"", ""sha256"": ""00ff9ed1decfe8b1793c92ca9dd34e727e7f8bcdd0171471a124b2319218b387""}, {""path"": ""cycles/cycle-3/stage6/C3-SYNTHESIS/PROOFS.md"", ""sha256"": ""4dd97736cd5a7d9118011b0d242bc18c013457910d1f734a7ac0c566e9cdf17d""}, {""path"": ""cycles/cycle-3/stage6/C3-SYNTHESIS/RECONCILIATION.json"", ""sha256"": ""5d712542b170ff03306a7523bcf5705c851af3f09a011b19ba11ea1d87c1c95f""}, {""path"": ""runs/lean-2026-09-20-c3/VERIFICATION-REPORT.json"", ""sha256"": ""3f945529c506812fd523e6dbbe104fd952dc87c300ec010b8195292d22017ec0""}]",3,REQUIRES NEW AUTHORIZATION,"Preserve the exact registered statement, scope and premises. See CONTINUATION-HANDOFF.md for research priorities; inherited program obligations are not automatically assigned to a new experiment."
E993-C3-FOREST-FOURTH-WIDE-CROSSING-SIGN,OPEN,open_unresolved_no_formal_award,False,"For every finite ordinary forest F and natural r>=1, |V(F)|=2r+5 and x(F)<r imply Delta_r(F)<=0.",Ordinary finite forests; exact next order only. A failed six-edge comparator and finite seven-edge/random-tree checks do not decide this theorem.,[],"[{""path"": ""cycles/cycle-3/stage6/C3-SYNTHESIS/CLAIMS.json"", ""sha256"": ""00ff9ed1decfe8b1793c92ca9dd34e727e7f8bcdd0171471a124b2319218b387""}, {""path"": ""cycles/cycle-3/stage6/C3-SYNTHESIS/PROOFS.md"", ""sha256"": ""4dd97736cd5a7d9118011b0d242bc18c013457910d1f734a7ac0c566e9cdf17d""}, {""path"": ""cycles/cycle-3/stage6/C3-SYNTHESIS/RECONCILIATION.json"", ""sha256"": ""5d712542b170ff03306a7523bcf5705c851af3f09a011b19ba11ea1d87c1c95f""}]",1,REQUIRES NEW AUTHORIZATION,"Preserve the exact registered statement, scope and premises. See CONTINUATION-HANDOFF.md for research priorities; inherited program obligations are not automatically assigned to a new experiment."
